{"name":"chokidar","version":"3.5.2","files":{"LICENSE":{"checkedAt":1631415841130,"integrity":"sha512-ggsqGO01HdjtHwG0G5OpQLw3Iuk6P6+OFiv2ljykADNDq9IoNfzrC52xLpHwqhcScm/jlevDg4QzLis28gPs1g==","mode":420,"size":1129},"lib/constants.js":{"checkedAt":1631415841130,"integrity":"sha512-LaADlEAUw7Ju8x5Z5Dl8raBWaKYhhzROB21boiBy4caSKT7iwapnLsInhwhn2Epq7R2BlhwpBMWtHUlD07NJ9w==","mode":420,"size":1834},"lib/fsevents-handler.js":{"checkedAt":1631415841133,"integrity":"sha512-0CyfqzZ4xgGCwlv9/OQUEGr2AoqcDRcx9lhGDq2gWJuFMnVN0St9ZRvvgL+XE2HETMmXXm4ovjulyCjON40IrQ==","mode":420,"size":16274},"index.js":{"checkedAt":1631415841141,"integrity":"sha512-b8h5q2vlWCbA6YAmiAvyGCBYauQmVeS8tJ46l4gbMImqKnJGlBV8DHsJyxcDFcxHxpgyoburipVDxKe5xFmbFw==","mode":420,"size":28368},"lib/nodefs-handler.js":{"checkedAt":1631415841146,"integrity":"sha512-J9OfjyTBy4/fGZI80J07j3Mr5NzYQIY997eygFR/rCf2aC+IDpJDRmgjgzD7x7mvN1F0Bh/mmdjGLL0WyaG4jw==","mode":420,"size":19969},"package.json":{"checkedAt":1631415841146,"integrity":"sha512-9N1DepjoVocgS8oG7t6rDiqf5DTdxcvFyYRhdrg4WkUIlg5sZ+0einhW88fUNksheSPAXBU8IAz2/uh4r+18WQ==","mode":420,"size":1698},"README.md":{"checkedAt":1631415841164,"integrity":"sha512-BsGBFMzyweUGqz64RXZfOiSoUEau2E6W03iG46GUcKhL+5P5fpQRtM7ZyzuHDPFjZRX2UF631sKNF8Znmaiwmw==","mode":420,"size":14275},"types/index.d.ts":{"checkedAt":1631415841164,"integrity":"sha512-zGAzOY1LLdipsQlA3BdKYgM00u6DsJfmx2QBW9xbjGVMUcbH5g4cMcKf6fOh3i6Z5MVK8T51wIeuqBcWAzKuLQ==","mode":420,"size":6263}}}