{"name":"inflation","version":"2.0.0","files":{"LICENSE":{"checkedAt":1631415840259,"integrity":"sha512-UMHacIyP0mdeqn3RwddNQmJM+tRnkJ36atiCfecziXFoderaQYtNoFYpZyiyjcCVnPdjkihNzO1GiFfR8hhqmQ==","mode":420,"size":1099},"package.json":{"checkedAt":1631415840720,"integrity":"sha512-ahgP3lgFVmfj9DFsJDouMdRVKGmhTeSCRT8/6P5S0cPKMceE+kb6Q4sOHTgN1ib2Sz4K/UtSBfNiRBzWSoisWQ==","mode":420,"size":801},"README.md":{"checkedAt":1631415840724,"integrity":"sha512-sn2csO75iUUcEB0buNRzT9v48+vbPVwwW1GJxLaE9tT5Cf9UooEPCCRFPJKtnZpjGXkZ7SfxPhpGRB1Xiq8wBQ==","mode":420,"size":925},"index.js":{"checkedAt":1631415840724,"integrity":"sha512-9GfhLKvQzqgg8tv9LYin+LaZUVA2uWlo1qkgfi1i7E2k8dBvHsMJPg4NJ/foG59ibSAoITOUtzcSxhDeLjV8dQ==","mode":420,"size":637},"HISTORY.md":{"checkedAt":1631415840724,"integrity":"sha512-chaD4wCea9ExGtXznS1NqkH07UN8+TC86lzFtSOvXUxtXgpJQq2aBA6/++YRQdJc2YKntz2k5WTi1q70SUxg6A==","mode":420,"size":338}}}