{"name":"cacheable-lookup","version":"5.0.4","files":{"LICENSE":{"checkedAt":1631415839955,"integrity":"sha512-cIt5XW2Mkz/IzwMNxjFwSz2WT4PyUInw2ERNcXsk+0hQp/PDDcbYONUnfSNZKhxiAXL/NRM0Fl96vDdpTLHDLA==","mode":511,"size":1071},"package.json":{"checkedAt":1631415839967,"integrity":"sha512-8XVXUOAa+PQI2mWT9HeuQfQainWtHNT9WWuFrfMSXyU/DXhzN2Ot4cTD9JzElNzrDRikHLmsJ9U5fq7UypR4UQ==","mode":511,"size":1020},"source/index.js":{"checkedAt":1631415839967,"integrity":"sha512-caOV0cG1PS2hWfDdXa1f7giMy8T71L1DuLZApFF8ozxFXM3Al2BwsW/j3iy8tlT/PRgxuwYujHIQLeeTRKr8SQ==","mode":511,"size":9250},"index.d.ts":{"checkedAt":1631415839979,"integrity":"sha512-n1Eb3lqrJgXnns+YoICEQum+stPKxU1XYlLe/U5pEcrSUv2jYcqjW7Ns3TMqIlC74yzPtrg0DjNQ2f33sXMLEg==","mode":511,"size":4906},"README.md":{"checkedAt":1631415839979,"integrity":"sha512-25/B3bsTmY2CbKdKgxlJzioRHn512O6tlwAYAsqahE1imbMOkOa8xP/DU1JbTbvkEfdf7Y+cRUccYNXS7Hz9sA==","mode":511,"size":7672}}}