{"name":"supports-color","version":"5.5.0","files":{"license":{"checkedAt":1631415839865,"integrity":"sha512-nIst73auX/5NY2Fmv5Y116vWnNrEv4GaIUX3lpZG05rpXJY2S8EX+fpUS5hRjClCM0VdT2Za9DDHXXB5jdSrEw==","mode":420,"size":1109},"package.json":{"checkedAt":1631415841501,"integrity":"sha512-zrvNN2iRJDrUeeD09SwnpZO5mMcu3AV7wUT3g0ZHZudkWkflSX1hqDEEFtLBFPkPMH4/dcpPH7vpWwVbBJ9e/w==","mode":420,"size":818},"browser.js":{"checkedAt":1631415841501,"integrity":"sha512-X6Ea15rSJ8d9H1fH7J9zYHPykZuKz90j7HQ7UAvbM1+XwcH/5yHw7/EWUCRV8x+ZpDRKDZypfFu1x+Lr1UEIuw==","mode":420,"size":67},"index.js":{"checkedAt":1631415841501,"integrity":"sha512-SooNOlKq4lnF3kSWze0xjGjmSGqOLZmMXkgZlX59lDsteY2lqxlxmqMtbdYIWe508SmDkLmvfB8837ee29GdZQ==","mode":420,"size":2771},"readme.md":{"checkedAt":1631415841501,"integrity":"sha512-bA4SyTjFfUbEl1QHZXhV5pYZrDAkL+RfiWYqMwnLPWP1s4cvwnGsySIHBJ+O/nFbGVRv1OUI/4DwGSU07uEZhw==","mode":420,"size":1865}}}