{"name":"dijkstrajs","version":"1.0.2","files":{"dijkstra.js":{"checkedAt":1631415842467,"integrity":"sha512-2sKqiiLwZMJuqvSi8VwybNWobWC5FQCZlx3jn5MXx0XMcl5ulEQ8hDfCjzDg+edSX12a1zx6SpmAGLGNnqPKNA==","mode":420,"size":5206},"test/dijkstra.test.js":{"checkedAt":1631415842467,"integrity":"sha512-eL1BE6XXUEaWoq5ly54qvIxtXC7dBNSCyQQxWxv5zT3VbXBqCRDMzJEpls2+AimaMwzyeBAoAKFuks/tK7y1YQ==","mode":420,"size":2919},"package.json":{"checkedAt":1631415842467,"integrity":"sha512-9gsIqB90V9+56RE7YCYaI0rK06fJN3Q2Eyp7oBG+aRQNg0GpGwufdGAtRxYF9U2iHgmmYXZKSPRq/qsW4rFmCA==","mode":420,"size":1267},"CONTRIBUTING.md":{"checkedAt":1631415842467,"integrity":"sha512-Vezsb83UA/yR2+BshRpzV8/gaFwwxS+KdvEN3ouxcRAEwExeRh8ZnZLdNSSfrZkFLCoc0TqX936STAmYjKaWTA==","mode":420,"size":248},"LICENSE.md":{"checkedAt":1631415842467,"integrity":"sha512-aHvRVL8/VeKVmK0xpdzGHJkVUrLLBApmEDvE8ftvQAQaSm+2VB55VBp305MYqfcmjouXnV4pXEAV6lN5+Qfw3g==","mode":420,"size":714},"README.md":{"checkedAt":1631415842467,"integrity":"sha512-WylYBpfTtxlQ5Y0IrOtahb5w8H6uXFQOcT4In/U5GiVktXjtnbDIMQQvMqL6NZJpyPSKM4DailE072fiQPGMAQ==","mode":420,"size":391},".travis.yml":{"checkedAt":1631415842467,"integrity":"sha512-PLBI9RLWZ2iRcWeop9jQAymKeN/KK5aify3ZkTm0RieC75M/HwWr5GPredMV9JE2Ll2euzFR1jEYKmXSCH6oCA==","mode":420,"size":52}}}