{"name":"color-convert","version":"1.9.3","files":{"package.json":{"checkedAt":1631415842498,"integrity":"sha512-MkZ9qgi+tXA92Wo1Cdv644Gu4SbkwBvtvMcDrFoaIOpuo5xm/ZkwfC8WMf204jof6HywIop3wOej6mgtbREVCQ==","mode":420,"size":805},"CHANGELOG.md":{"checkedAt":1631415841642,"integrity":"sha512-kFk6gSlqT4SNzRMC7qUx+Ej7V0Iy3CiSMMQwKuU1VSrmQ3vaBoTKWVhX5I3F/kbsq9grq2OSWgXGOycK9KhCNg==","mode":420,"size":1417},"LICENSE":{"checkedAt":1631415841657,"integrity":"sha512-RJ+994iKW5CItfhKptGkLPlReCoGIHn2P+Xh55fnCe1HN8PhkwDQqYoBATQx5zZSxbgUOJE7qVL/H7Y7zkYOWw==","mode":420,"size":1087},"README.md":{"checkedAt":1631415841657,"integrity":"sha512-7q6ZuyOSyojh49/C0jlgw8XDs4hwdzxabhv86I3iuJibL6Gw7PaKJuBstMnEbv6EDIa+eLYrv1wqvKICO6f1Ng==","mode":420,"size":2853},"conversions.js":{"checkedAt":1631415842503,"integrity":"sha512-Sx/HGl4Hmh+6e2/nIG/0sK7pJwQ4RKeyqmUa75tdVVcaIVsN625dXNe+79PvdjS+eT5G2cFGTnucNG3HwU5ssg==","mode":420,"size":16850},"index.js":{"checkedAt":1631415842503,"integrity":"sha512-TH1wx6629YrdZjwwYc8uKX/VfzgW/u0wE18w5BNLKP5OqNn9+ebDsgjUjIu+KusU351vlFZb91gmdaE9XnEB6A==","mode":420,"size":1725},"route.js":{"checkedAt":1631415842505,"integrity":"sha512-mLbRoZbksU8MNdaRwaIrfDufrvmdIilO3CuqB3Bia8WHjIqaNExArsxmYNcPIMA80lzcpHOLJKnP/CePlYUrEg==","mode":420,"size":2227}}}