{"name":"registry-auth-token","version":"4.2.1","files":{"LICENSE":{"checkedAt":1631415842285,"integrity":"sha512-iQ3WRPWUcyTqfph7n8EaZ8CWrgqeALDcwxaqqp/6F3vDTnEMs7Y/tBzWpY0mpSmbVwtvz2iswy4RSMZ2r8CQNg==","mode":420,"size":1084},"base64.js":{"checkedAt":1631415842285,"integrity":"sha512-dnZDgv866TzDutIlnoHTIGjqFUOzVmPp1eUsHlxMpZAsjAU8AhELAH3v2/933Cr1u231pmWI4Yig7pO4dDEdqw==","mode":420,"size":264},"index.js":{"checkedAt":1631415842285,"integrity":"sha512-Mq1XWnMjXYJ0AzdtaXwdJDYxcDHjCVwab6FoPX67ofK3wdTPIB8X32b0r5SkKaEBdYFGUvag8oR59We0Ke2C4Q==","mode":420,"size":3846},"registry-url.js":{"checkedAt":1631415842285,"integrity":"sha512-+XAm1oHvbwbU+YYj4DqDWlL9m6a9ZaVTCtL8Doty3k+VaiAe1l9TlcldK4QgSYqvT98U3W2+hCjMz138Ww7uEA==","mode":420,"size":231},"package.json":{"checkedAt":1631415842285,"integrity":"sha512-2HLQChA0xVwY9cWMsR1WUFXysEnJYt/RNA88jyWtUgbrJI7I0tzCS9k+Tw1s/adT/D8+ePWDwQSPgs2bBDoDTA==","mode":420,"size":1021},"CHANGELOG.md":{"checkedAt":1631415842285,"integrity":"sha512-DFT9pLWZB5hZHG8VU7hTljyk1A2XbbwZYeBAGsiAStCA2kmz35gY2CpY1XgOEJldn2gl+1g1QDfsyrfBeeMLOQ==","mode":420,"size":3287},"README.md":{"checkedAt":1631415842286,"integrity":"sha512-H4ekDXs+isR5KZdCSbxVsH+TY+qtyvtp2p0guENECUTgZEfBLbFEzG9uAgaZk2TpfvlRGocUdq3kycJL96VcFw==","mode":420,"size":1987}}}