{"name":"decompress-response","version":"3.3.0","files":{"package.json":{"checkedAt":1631415842169,"integrity":"sha512-qGevt/oSaA6njTsLFJ73czw5arLNEfw4hj34fRNZemBZ1MKkDjNtUUyMw0CUjVte9GqFk8s4Z8qCxT3wxCjRoA==","mode":420,"size":951},"index.js":{"checkedAt":1631415842169,"integrity":"sha512-ELwoeyuU/u1jmwexh+fM37zXe8p/Y2h9WwVOOG7UcKzeuLm43lEpaIKqWZTnuqHVUNA7SqLlj8Qn6VKcOlPvsg==","mode":420,"size":628},"license":{"checkedAt":1631415842169,"integrity":"sha512-jtZBtvmsdIy9+jBAOIeY8N99fR9h0mBHYyZg4vda8qE/sQpKUjFvYezdLGWIsW6Jui1Xnnn1mNKOGc594lsAHQ==","mode":420,"size":1120},"readme.md":{"checkedAt":1631415842169,"integrity":"sha512-nyU57bkkZxwWP4JoX7BePS131APYw3G4IJPsiDgiazaKqeOz/G5q0uR8q7jKyumi1wsTRk/xnbnug/Uk25Q6Pw==","mode":420,"size":841}}}