{"name":"@types/node","version":"16.4.3","files":{"LICENSE":{"checkedAt":1631415839932,"integrity":"sha512-HQaIQk9pwOcyKutyDk4o2a87WnotwYuLGYFW43emGm4FvIJFKPyg+OYaw5sTegKAKf+C5SKa1ACjzCLivbaHrQ==","mode":511,"size":1141},"README.md":{"checkedAt":1631415839986,"integrity":"sha512-cJ4/6f/SnyqYioQ8NybRlrcd3TwAqZ0w2rcU8z3hZ5ilenzSb/Kxg7AX3TJVX/lp4ediKZauTXvM6ADGm64BIw==","mode":511,"size":2539},"assert/strict.d.ts":{"checkedAt":1631415839986,"integrity":"sha512-PjqyjNLeI7Jr52p1XRctOGkqdaE+xfBgJDdsWYID0BA8SWGmrSzMEeifWd//ghBPmdMDt68+Y9DZSmxxdEKBHg==","mode":511,"size":201},"assert.d.ts":{"checkedAt":1631415840002,"integrity":"sha512-BKwWLQxUVufY7YLqljzlDm+VusaIokOpngP0UP9gPXCsZYJVMYwrFiDn7E3iFL05ncoREXWkQh9iAulkxpqH7A==","mode":511,"size":55377},"async_hooks.d.ts":{"checkedAt":1631415840013,"integrity":"sha512-6TQBXiBs8D4CTDLLDpfH8aXzHr4Fe5WDTjhIQeIVDwm7WXwIQ6Yk27WQDfPTOMl2u9xGS05Lfbi6TzwwL+3Aww==","mode":511,"size":20822},"base.d.ts":{"checkedAt":1631415840013,"integrity":"sha512-qBmDwcYtB1s8drHdxBLtOudFow9vEfWA3MZNzCsIgRDitV6duqn7uqrbPC2BEIdzQIZYtlP+0BjFCAT+gJsClw==","mode":511,"size":905},"buffer.d.ts":{"checkedAt":1631415840045,"integrity":"sha512-Wp9jUrZ8PZbLdRL+ArQw3kdaF55ZIqzTKTGxnmDPGJllharZx4WPeMwt2ihlisuuCbqZdTd8kGi6RLlKDAT7CA==","mode":511,"size":83470},"child_process.d.ts":{"checkedAt":1631415840053,"integrity":"sha512-htEN3Pt93CDXYoJKM/5WS2alDy2af9K/T1953NHesUSrledlByoUf9WaO2qFcz7HDORnIq60aqG+81p67ZFtoQ==","mode":511,"size":65553},"cluster.d.ts":{"checkedAt":1631415840055,"integrity":"sha512-q/jta0lreU7Cg9DzGEEW3M7zzWw1RVSh/EjOK2cQHFJ0fdH9EQPtlFOzhDrd+XSsxoXrVeQGdrrarM5x7io5yg==","mode":511,"size":20171},"console.d.ts":{"checkedAt":1631415840135,"integrity":"sha512-8CE97W57Bt+JDGSBD4hYqAurUaJOuoU/dfbItnc2YhMRShb8hkT/DniSfXSj/Ana/eZBIwryv9hqYidbOfUroA==","mode":511,"size":18168},"constants.d.ts":{"checkedAt":1631415840135,"integrity":"sha512-pydjW03LqxWuSfRpvVVOFcf1X8MJuGXTvaChmrrlhKs+2itkp5Et6n+UMWS2LxhIFFc7Xf/fxT96iaQMstseqg==","mode":511,"size":613},"crypto.d.ts":{"checkedAt":1631415840154,"integrity":"sha512-DxujMjEq1U5LT49GVEXiohlH9r+aMS2qBKHBz5u+djvBSjnB6SQAfRoDrcWZFY8wAVKKgKe7cQgNCq94wtdaug==","mode":511,"size":167747},"dgram.d.ts":{"checkedAt":1631415840160,"integrity":"sha512-rGlsxA4uv8YS5ruGuBq/Ws1qBuxT5p4lcAuvX25vmPHhBxyX88CklOaZAFFwVTVRCzyR7o/eDrsemHewd7CloQ==","mode":511,"size":26570},"diagnostics_channel.d.ts":{"checkedAt":1631415840164,"integrity":"sha512-Jkpf8xPz1f6SX2NEsiMZvJTzjcFX2Yj12e1ZuoK5pJOwr9JPCR1bhzrdCY28UMVOJM+gnXoEbGXmDNEpvuSDaA==","mode":511,"size":4489},"dns/promises.d.ts":{"checkedAt":1631415840172,"integrity":"sha512-WFk9gosy4ZbtDG7OFd69ctSgz41a3/iZVfZLFoEkPxvtrbJ8wiuz4a1Pe5Ulw/giQTk6miu0EdalefIyt3f9Ng==","mode":511,"size":14962},"dns.d.ts":{"checkedAt":1631415840172,"integrity":"sha512-yS61rDZhGVRJ7P48eqZTC8FbwCbIdz/9LT2nltIY75gs0phh0fIuJ+qX59rPril7rmrH2Vk674sDbb5QNT06BQ==","mode":511,"size":28857},"domain.d.ts":{"checkedAt":1631415840175,"integrity":"sha512-CrTpgthRwhPrSUQADQ55LFgJ0iqcF6yFPcpLILTmHEatw+A0mlL24EFxi+MCBRF4wb5l5uXuwIopG0lSp2ZRuA==","mode":511,"size":7793},"events.d.ts":{"checkedAt":1631415840190,"integrity":"sha512-m4hHdTKJMDUKJReTzfyZlKKJTLc6vqdAh0ejPpL6VZ9rzKwwmLXJqLl/W+KaRN+y65nC7NjpcgfBG8f2IeMKOQ==","mode":511,"size":20969},"fs/promises.d.ts":{"checkedAt":1631415840216,"integrity":"sha512-zqlXneKoG48z2F4RwNO31Wg8UThebXAuo5LkbIx2SdehuvHBhH/qiqRVgfTK7O3br/Asqas3B4gUVAdZCUh1pQ==","mode":511,"size":42049},"fs.d.ts":{"checkedAt":1631415840288,"integrity":"sha512-/6p0q9x3B5+lUTn6bo8bdwXfcl67cn+465oR378zZRG8nLfPIhQIBFH00/idXq3ZSgHMRW9N/i8SYrTa5+IqWw==","mode":511,"size":167982},"globals.d.ts":{"checkedAt":1631415840289,"integrity":"sha512-HIqUe9mpRhW0NfwNiCWCpTm5uUAl40vufhXUxyeA9jIj6tR3ZTkuHq2GTTlBXqyK5a3TZMSLrhcH6MGCXdfb7g==","mode":511,"size":8366},"globals.global.d.ts":{"checkedAt":1631415840288,"integrity":"sha512-sC+7hXjoOgjN64O6lbHbuh34fVx+rCd6s5/Ni7OFSuefQvD/R8/dfgyW/HKSsqw2vxOoN0YaSSVOC5GMeMORMQ==","mode":511,"size":39},"http.d.ts":{"checkedAt":1631415840316,"integrity":"sha512-1XOzFIGdYYhrUBAwSGxDYkzFzm8z4Raofsz4u8h5fZUPL/U2YVVcMtpCJwnUZ1j1v3VRN8NdPLAqkFnix3r63Q==","mode":511,"size":54722},"http2.d.ts":{"checkedAt":1631415840370,"integrity":"sha512-dg4MIVIKYS0UdPsbO2Fgl7cd9O+vOALbbL3BIbEWe70JmYSIHCDm3MIoGvJ6esKD/56PP/1ExxgGHNP90rZPAQ==","mode":511,"size":109973},"https.d.ts":{"checkedAt":1631415840371,"integrity":"sha512-E/Ds6xzCN0r7I6scl2336/barjS/YAJueTlknCSCmDy+/wRGaMGUq8qGnZU1khkTFUJNp66Ao8IcNtdTjiSkJg==","mode":511,"size":11360},"index.d.ts":{"checkedAt":1631415840370,"integrity":"sha512-/4vLNdeTRM+1cO/CeIKQo1/wQaLXvViMiwWRu7reqcbHnfOF5x+NSjapgHjVg/7vvruxo15FHC63MWUE1hpcLQ==","mode":511,"size":4909},"inspector.d.ts":{"checkedAt":1631415840387,"integrity":"sha512-OLGTGPSZD0JcBmz5gY466+qCwWgcCb3fQJ2gqMLZ4gU8JdZ+x4OPvj0CDrWJGDRiq9Fwk7zLr9L/wsRDqL11YQ==","mode":511,"size":125115},"module.d.ts":{"checkedAt":1631415840390,"integrity":"sha512-h0MPasYQphBrvOsr85FgHDT+kzcDCr0ZXg5JkRFPud8S1Kp4uWs3klQOPLqaBJJN9CahpCf+vWVweZ+BFsSSww==","mode":511,"size":3975},"net.d.ts":{"checkedAt":1631415840397,"integrity":"sha512-8Y4wE68SwPVYQzYVUsv+KqMaUiCbk9niEdprMhl4+LxbiQpiBOVm5RcT1NqgCIWPQFKu/hw7YPvI29yp+hGNww==","mode":511,"size":35605},"os.d.ts":{"checkedAt":1631415840399,"integrity":"sha512-7GmytS41suyiAa/ghAZ08bXycKshLMsziliXkDsSNTdkUKjMT4rvqWlSzgNP2K+nJiy1CQDG/5hiPhuIVhHAhg==","mode":511,"size":16790},"package.json":{"checkedAt":1631415840400,"integrity":"sha512-t+2UxdpgzBA6eN1jpy3W4KzaZahZmMLy5E2o01APdXB+u14d7fFw83TQkvSSh9JOqpFaIkWClTNxoTt6nGJufQ==","mode":511,"size":7073},"path.d.ts":{"checkedAt":1631415840400,"integrity":"sha512-+6ffy+IUg4dr8z3CO/HniYlRYzbrkdeUo2kLt+aKj1HhXZ2N3YF9CeM8IVbW6jp6Mp8kqElSu3eRNRBnhlVDnA==","mode":511,"size":6870},"perf_hooks.d.ts":{"checkedAt":1631415840408,"integrity":"sha512-hRfUSnjW3bDqr1lAqJmWoHJR0LMWzivAraNtSSQsAr/Ru6wRqm2Xxjsab+czQ9UIunuD/pDckENKnhoCnUTyVQ==","mode":511,"size":20904},"process.d.ts":{"checkedAt":1631415840433,"integrity":"sha512-Oa6xxUEOl5SV9Rc89mEWpUn9zbx+1VpDMyj1dIL0j0Rny6vyN1vYbKSDPwrcFuf59+zhfvq3QCuqgFFfKx1XPg==","mode":511,"size":70168},"punycode.d.ts":{"checkedAt":1631415840433,"integrity":"sha512-E3NWvC8Ozy7dhSwM7M/fWWBnJUh0LcZL4VHgakVHPHQTAL/2eMKc0LxoFfKglhG2cAFYK+SYuFFj0nRsSrbkAA==","mode":511,"size":5484},"querystring.d.ts":{"checkedAt":1631415840452,"integrity":"sha512-/u02jEeb6mgoyMS+kwSeMoCYx+bUg7kPyA0tyhDHfsTGOZP/V68KGshHaBsL4JBwBI5yf5w0D9OLhU9zMpuSEg==","mode":511,"size":6528},"readline.d.ts":{"checkedAt":1631415840459,"integrity":"sha512-lmqCv055i4zomyh511+4jbDgWelhZLOrLRoCAvZfVF+Qz5Uhs04iyYymIEcdsBO02iQofDJuPQIlBdXe35VG+g==","mode":511,"size":23246},"repl.d.ts":{"checkedAt":1631415840463,"integrity":"sha512-dXdqXKrf2bFdq96dTVVI2O48yRFTpHXtHnsrUVGQy5fooLoSNLWUJQHq/50mi9DWtr0QvOQPx9hHXHBPyvuEsw==","mode":511,"size":19457},"stream/promises.d.ts":{"checkedAt":1631415840463,"integrity":"sha512-Vg4tmh0uY485KToMbSHIhmrZRnfMJQcusMwCvTMTBL6xjZW6gv1xkL6iZ6ogR5VxsRjt9sXMS2IPWKn8vzUngg==","mode":511,"size":2374},"stream.d.ts":{"checkedAt":1631415840472,"integrity":"sha512-nU8+shFhDxNMNC0CnfJn/VwK1mPko4ewmsB7/x8IR3A77sNZ/5lINtISZUxN7+9T/7eKh1jXlAfuhBNzv09JDQ==","mode":511,"size":60323},"string_decoder.d.ts":{"checkedAt":1631415840477,"integrity":"sha512-IOlhX0VWeN84h4npvU1q7f/Vh6hWfY/z8x/8DN1Na477DPJ9+htpEd98ghR2CriHiui07+8DEGB5QSJl2Nejxw==","mode":511,"size":2818},"timers/promises.d.ts":{"checkedAt":1631415840472,"integrity":"sha512-KpCmHhw7sfAykP9yovpLe0uXNnrw7Na6+ov/r9xP4m7WOifu4HXd0fewjpHA+ZQmBNkOH7t4zkfuiClDg1aXWA==","mode":511,"size":2937},"timers.d.ts":{"checkedAt":1631415840472,"integrity":"sha512-TSGBKyNsE05Z0M364rIywExEMmPlqqnmRL2S7GkspSJpAqQfqQoAGdsbXL9FeXoWvXsv3nv9sGT7ng8mLxZi7Q==","mode":511,"size":4532},"tls.d.ts":{"checkedAt":1631415840478,"integrity":"sha512-3+NtgFfNajr4dxlC3/AyJpft0A0ZwV9043SpEnOtYPsm0Dur5Wi8vV+efxZHmrhyIGwjYMAbA9L33Sbveur40g==","mode":511,"size":50634},"trace_events.d.ts":{"checkedAt":1631415840481,"integrity":"sha512-194dGSWB9xEfin/fp/DQUJX9FAcO36a0urFViSF3tw380zf6ZBkzEEx6Xr52J+u49+V09185XVSnjzoInQpD6Q==","mode":511,"size":6779},"ts3.6/assert.d.ts":{"checkedAt":1631415840481,"integrity":"sha512-dmju65zC0XGC7/MTpNtfXNMnMv4gXpSzvV35qPvPD17xIACI2+ltrqFXQEZ23ci9aOuWeFQfGROlpDFY6kC+FQ==","mode":511,"size":4836},"ts3.6/base.d.ts":{"checkedAt":1631415840481,"integrity":"sha512-0i6s2wTKMRVcIWX7PEdybp9r8tRyg+F3audo5kM2RAAwk0V4XOdFLgcL9lywQCZS9OsOWGQ39qWYhL0p0mV8Kg==","mode":511,"size":2910},"ts3.6/index.d.ts":{"checkedAt":1631415840484,"integrity":"sha512-MRI69YU0pxnaD/9BbqEeH091+HpQjxsZ28rR68NoZ5/jo2Uenvd/5rh06h3bgL/JV4gVITCBqpMKYlbx/coDZA==","mode":511,"size":288},"tty.d.ts":{"checkedAt":1631415840481,"integrity":"sha512-X12oxuLEv9M6Aerm9aIXnnuETtt3AEAfzh8HONEL1LxoMc/Q38Rcg1+/pRkiK2VuJMI3NUsq45+hD8GcMoR6hg==","mode":511,"size":9915},"url.d.ts":{"checkedAt":1631415840496,"integrity":"sha512-7rySpSAL47gMawjggnnuQ9TsS1MormnO6Rzy3ffhxS+xVlQ3YwHWmS0m33kJJ89t5BH2EXqXWlbu4I5o8F+4yg==","mode":511,"size":35546},"util.d.ts":{"checkedAt":1631415840515,"integrity":"sha512-L8MA5ybJVqd6da3A3olbQEPI1z4YBOVRD0F72LL6tFOLJg+wHTaZjPMeBWxI21r4aDjF0DjX/mdfLvEJ4zfEjQ==","mode":511,"size":62727},"v8.d.ts":{"checkedAt":1631415840516,"integrity":"sha512-QPhY/yWMsCPRHBK4wzuzgWQf+WW3x70CVo/kp95K7rskmn8+k3T6oPnqBaTPnwvr9y17qicihMHTS1bZO4sbDg==","mode":511,"size":15246},"wasi.d.ts":{"checkedAt":1631415840522,"integrity":"sha512-WirdTboD2JaRemqxaG8J0FLs2Sh3LmunOicEYDkdP+h+9I9C3+Nb875oV9P6C02POwDAwfbdBwkCUFBOY4R2NA==","mode":511,"size":7420},"vm.d.ts":{"checkedAt":1631415840522,"integrity":"sha512-gPkkEg78GIo1xot37iK58i9KJ5MWY7i3hhwDoOCp0/h09IuYTqeeMS++yFInzlpMkgyRVJkdr0AJa4c0ja/ixg==","mode":511,"size":20800},"zlib.d.ts":{"checkedAt":1631415840523,"integrity":"sha512-AQhE6l61Q7iY9yUSC+hEEtLBQCltWIAnO42IHW0U/MTbtE8DXGIN7DQyFvjGdv4jtRJC5rDIaLNDuR9pLiGI/w==","mode":511,"size":19520},"worker_threads.d.ts":{"checkedAt":1631415840523,"integrity":"sha512-mnVl+qVWDrD8g/2wlj2SUHtphTGSJF1kXzsAa+3a54G67rTrVy6aVVD3gvRDDlgB3Yx1Dhx4337w7rUYcacc9w==","mode":511,"size":32189}}}