{"name":"http-assert","version":"1.4.1","files":{"package.json":{"checkedAt":1631415840506,"integrity":"sha512-qjfEOo1jZijR8F+G/VQW2NzovErZjzP1y56sRrIkp32ts62iapcPwwQReWZefxlcDPU6XmTwRAOZszAkw80h4w==","mode":420,"size":1094},"HISTORY.md":{"checkedAt":1631415840515,"integrity":"sha512-k4Iw57PE8eoqz+/jm/pAgULz9FlIZE34oBKH5x92Zd00tQcfjldSLCO4NCLynBOmQHro6wTfHfiWT5aT5uXmZQ==","mode":420,"size":1636},"index.js":{"checkedAt":1631415840515,"integrity":"sha512-eUkZTFA1KmkfJpz/7WFVR9IiROmMHFPesK/sqvpH5nCqe1GeysQ82IZqI/KjYjCf6sBDPU4MrTjgwA9JhpSH+g==","mode":420,"size":937},"LICENSE":{"checkedAt":1631415840515,"integrity":"sha512-Kjx8dPeNVSCpBi2GdWwCpODx+qcD5g10uw8A2oStnM9AZHM+49g7ZKagqEUveoko4Cn5tGXb9oybauA0S59WKA==","mode":420,"size":1063},"README.md":{"checkedAt":1631415840518,"integrity":"sha512-Xcl6VzNCurWUdaaD4iDc3UjRtfiv3SrZQN8HOaxl5KdyJKqW+1+wJ9MLbJo7kL6XEJQ10dbyUDJ1km4PPa8m2A==","mode":420,"size":4022}}}