{"name":"media-typer","version":"0.3.0","files":{"package.json":{"checkedAt":1631415840680,"integrity":"sha512-vlelHcCdui3BOayo1EXaizeYxCDClD8gl3Qa/Q3RTLGDVhhWtVnYOs/Vo8LWBJpLq9ZyWLIzAicARqvtq8VWhw==","mode":438,"size":759},"README.md":{"checkedAt":1631415840680,"integrity":"sha512-K/3CrJE3sNwVflaVFwfz3A/D+o1yHYT4kbCYfMRWAIv2wprl3t6sllQzvXgtv+JGEZA1uXFPNPUm0TNe7RFwiA==","mode":438,"size":2371},"LICENSE":{"checkedAt":1631415840680,"integrity":"sha512-mhUQwl1LYmjtNJEHhXlmruZl7L2vtEc0GRXQyWX3NdWXJb0lO/Nhz2XpndFm2+nZ8QWeRVx4tAbPR4PS26RTYg==","mode":438,"size":1089},"index.js":{"checkedAt":1631415840680,"integrity":"sha512-QqsGy4IqPGlJJSs5RelisNND8P0SSSqGUMUlcz0sn31u2JPgWSKYHaBbkpCWAMby5Cp1y+/78U6yuO0WfrjRWQ==","mode":438,"size":6375},"HISTORY.md":{"checkedAt":1631415840680,"integrity":"sha512-hBMTNWc/xWqOeLygIHEkyx37BdyIs67b3/OnuxJty+Vbwr+BRNY0JgUQf23a0+UrBmBxZ2OO12Hqv3epVboXXA==","mode":438,"size":461}}}