{"name":"type-is","version":"1.6.18","files":{"package.json":{"checkedAt":1631415840628,"integrity":"sha512-w4TzaBl8HrFCUlaDmO/dH6/kl7qYVTizlTKU1d1rg7dFsGSO3WBInWrj6hRgeq0+bg04y27UvlaEqq3kTDA9kA==","mode":420,"size":1133},"HISTORY.md":{"checkedAt":1631415840629,"integrity":"sha512-GIUU4i26tvVftlJmUT9zb5GIVtNNwvb8I//qV6g979zyYUDROCr3ChdZ5zgtWH03Z0DF0A/X5wgSRikMrw6Ayw==","mode":420,"size":5447},"index.js":{"checkedAt":1631415840640,"integrity":"sha512-61bs1IoiiTPtW/AFV5H+4je9o8YJzfhN8CHWjvWSJAGxihxckJmwo6FQkb62HFg3qahHNVJxz8rvTNzgDyvkdA==","mode":420,"size":5562},"LICENSE":{"checkedAt":1631415840640,"integrity":"sha512-68E3wBwT2p2Q/UEXKbEMsV5rfqPzGmud0j0Kdprv5hy+pzaMNmmLDVYuhdygjryqWZlvllMpWhx5JSy6PaPTrQ==","mode":420,"size":1172},"README.md":{"checkedAt":1631415840642,"integrity":"sha512-cepc6nPF5UGJC7Ma5akKiMoZp1ZbCilXr6D4dd+1lvm3Re4dMQ0hSc7d67cAjvhEX/a3G04+BFb/i3saWa+XSg==","mode":420,"size":5183}}}