{"name":"ansi-align","version":"3.0.0","files":{"package.json":{"checkedAt":1631415841516,"integrity":"sha512-41jGL/NleTCG8KhKRL2I1xyZeHArl1d4jhBFCp6SU9K1wJ/Zbt/VV1hw+HEcndYsPrzoQYJ3WEqemmPlCg5e6A==","mode":420,"size":926},"CHANGELOG.md":{"checkedAt":1631415841516,"integrity":"sha512-/eayeQiJnWXw2u6nSoGKSTGSCdk11vcGe02/waKvgp0mwKesZ/8uPgU+ryvovOSRAqjGzPhT1B9n3UGo3t8GTg==","mode":420,"size":1435},"index.js":{"checkedAt":1631415841516,"integrity":"sha512-aFO3Mu4EXzGOVoO0UjWGAZD1xR4p1iRakL2YyzT8UaTWJVqJljS2NuOiA22lo/d1yX4oJzAlrhlCDgngTTkFbA==","mode":420,"size":1334},"LICENSE":{"checkedAt":1631415841516,"integrity":"sha512-kRxHfFqWpkSG2hb5KtnGvgGb0E7TakZN7fuLAQPJxzhhfT+gp3eqr9qdv+QwsgNG8w/TbETqtg6Iunhub8sk6Q==","mode":420,"size":731},"README.md":{"checkedAt":1631415841516,"integrity":"sha512-0ljvoq7z9bl1HlD99giDgQlAjh1GYiQfSqVvdzSP9z91SkKh4REocz8ACP8y4lLMS5Jlttmpv8XKlWFfpdX9rg==","mode":420,"size":2945}}}