{"name":"raw-body","version":"2.4.1","files":{"package.json":{"checkedAt":1631415842721,"integrity":"sha512-d4/UBtUPhQSfUWXIdH8xmK7lbWQvxP5V+de61YvE2pPkI1ZJwV+Lwreg774sKm+dSVuTj7SRkB4QEv+eH499lw==","mode":420,"size":1472},"HISTORY.md":{"checkedAt":1631415842721,"integrity":"sha512-Qyazlei28ENe5THMcr+ijnA/ZiF2Ed1qwoHKPfjLlDFZQd98LWY1xzDxlJBaE4nBLlBleNm7hbaJXXmPCsRApA==","mode":420,"size":5449},"index.d.ts":{"checkedAt":1631415842721,"integrity":"sha512-zM2N5SakoJf32TIK8u9+B3LkKYBZA+MZoGjO/kw9Y2o8NVaf1JpaeR76wNvXpPNO2Feah1ZZk6r2/u0mkXa/PQ==","mode":420,"size":2286},"index.js":{"checkedAt":1631415842730,"integrity":"sha512-uxPQL2AibhI4eI57/uf78GZUKnktNaaE2S7iIpKZKE5lZsM2OgYQYOx0Z8MXiYGt8tfPQm224UtbIxH4BvwMSQ==","mode":420,"size":6059},"LICENSE":{"checkedAt":1631415842730,"integrity":"sha512-BD7tRUVgW7Yqk6nzXYC7iSRy17Fn/5BQ1WzK6hAJPCJu5oVGz7r+o64kDTxj+LHxlseU7F0RlOl82VKwILcRZQ==","mode":420,"size":1181},"README.md":{"checkedAt":1631415842730,"integrity":"sha512-aLmLY0cwhSuUxdM9witrZRO+5za3MvltNQb8CFKeiHOzhzvnFcVIH9ASNqnpjQx6mf5JSQK1D5ffSFzSOFF5OA==","mode":420,"size":6339}}}