{"name":"deep-equal","version":"1.0.1","files":{"package.json":{"checkedAt":1631415840503,"integrity":"sha512-84lju65xcI5T/+D+lwsT9JmFW+uiI2Eju2kZifHqFLZKXjZoKVMl8ifs4bZcWMuqan6B7BLkgTAYb7iEDvlrIg==","mode":420,"size":931},"LICENSE":{"checkedAt":1631415840506,"integrity":"sha512-UYETA37gNUDKrmMFiphSX5pKZ0Jb2MNZb2l77Vrh0gU/5292uFpO77gMxRn3sD02jPS0RSiMTKfKy151I/M5Yg==","mode":420,"size":1073},".travis.yml":{"checkedAt":1631415840516,"integrity":"sha512-i1XaZ6aWM4y081hlxQgYdJ5mBfvSgcgfRoxR8ZiGOmxm6I3rVnAw3MlJWGl5Pj71oRrFXT2KosagcKtHHECNzw==","mode":420,"size":116},"example/cmp.js":{"checkedAt":1631415840516,"integrity":"sha512-q1iZdWwhTKDrHZXU9WZ7O+cO9HljZ1VCEQJC/5XfFf9i9Tv92UHlLIioWnNuoXc0Rso/k7Bct+qiTZM2/9AB4w==","mode":420,"size":207},"lib/is_arguments.js":{"checkedAt":1631415840516,"integrity":"sha512-cNpS8L0802hXcv6eyNw7qe00NiIM4otnETyqSm/CWe+beqfPIx3bQl01bhRl883p2LzMa1HbIY7xsEdoy2Y+Eg==","mode":420,"size":641},"lib/keys.js":{"checkedAt":1631415840516,"integrity":"sha512-p1DIzGpSqNNzdux8fdTE3Iwj+WHuKdRecJ8N5ziTYEmesz5sDniI4+WT+QHbqGu2OFprdyzRrRwhjygEbtLDlw==","mode":420,"size":202},"readme.markdown":{"checkedAt":1631415840516,"integrity":"sha512-OatOyZNCZDYPlnszaRQDUoE5kxTrElhNf3CWuq5Qi/WNQNoKFPq7two1DE6MfcfWzCKMs9EezWkKjYceIRTwOQ==","mode":420,"size":1268},"index.js":{"checkedAt":1631415840519,"integrity":"sha512-lwQCkTQWPNNgaUO6TPnrXDE8m2pIVqRG/kEAISPF3yTd+wsU32rt+ss7mqz/2cH6TDDBWU0heTO4ETI143hl1g==","mode":420,"size":3051},"test/cmp.js":{"checkedAt":1631415840519,"integrity":"sha512-KCY0dB6oDoSxpeyMU+xKy0NdCsCxQkrlgF0Jm8OMR1aj+kmAZ1ufoVmizpzkWA1ByLWBY59xTPMPUldPqgJozg==","mode":420,"size":2201}}}