{"name":"widest-line","version":"3.1.0","files":{"license":{"checkedAt":1631415839865,"integrity":"sha512-nIst73auX/5NY2Fmv5Y116vWnNrEv4GaIUX3lpZG05rpXJY2S8EX+fpUS5hRjClCM0VdT2Za9DDHXXB5jdSrEw==","mode":420,"size":1109},"package.json":{"checkedAt":1631415841705,"integrity":"sha512-0HbSgls8Yc5T5501386qsaZqnahvbKeULrntBWj+e/Lw+Ks2lwwkSzB5fIrXELD87wmvm3oG2rKZn375veOJNg==","mode":420,"size":894},"index.d.ts":{"checkedAt":1631415841705,"integrity":"sha512-gHNbxGxgHCHc2ncFQKuIpR7kysmoZz1AWCUcYfaaCbpSSJmIHbrHipC+UujNWfKMeAHPZlmTpdkty57IDUnzGw==","mode":420,"size":490},"index.js":{"checkedAt":1631415841705,"integrity":"sha512-WL7/czRTJ3A0ZstmptCiVN60jddKwgMyqbM2H7y6HOfRTHeSqAo4zADem3NzST1i/HFyLoZquDAK2PZPrWqtCQ==","mode":420,"size":322},"readme.md":{"checkedAt":1631415841705,"integrity":"sha512-Ol18DL9/EZ5cc354t5WsSuiQoXGO5wt/ngPHeNhIoih3GbS7C3SURDRqH0aOY1CJtmmJYIZ8pJPPisSDUlbLoQ==","mode":420,"size":914}}}