{"name":"is-glob","version":"4.0.1","files":{"package.json":{"checkedAt":1631415841302,"integrity":"sha512-LQzKxsZihD7OsY3x/pD6mu13FtT/i78coMJIE2S636jFDfRDUrcvOsc5htgUeRdRsXMhHyzfOSB+qg6uW7UGrA==","mode":420,"size":1727},"index.js":{"checkedAt":1631415841302,"integrity":"sha512-Ny4dnbUBkOttNICT+HOBH0ronLEy8TqOAGm4ODp8tL8vdQGCpMlUy7u7/a3bfY8CUI76qbWHo4wg6taIPJ/f7A==","mode":420,"size":1153},"LICENSE":{"checkedAt":1631415841302,"integrity":"sha512-UOO2nHn9DAmjyzpwwV0Scu/0jezBkqGLoKZNVJCn7ZV+l7ApYhoDOI/OlCh2TR6tqwtrEPB/7ahRiuplEJnMXQ==","mode":420,"size":1088},"README.md":{"checkedAt":1631415841309,"integrity":"sha512-8Pt77fLIh5fa0PQ23JZTttVtrHpajeeIyrJBaGDAWmKxWv5BplvApY8GL5ISGDQTKQRa7WEP3voNrozk82a4dw==","mode":420,"size":7317}}}