{"name":"is-typedarray","version":"1.0.0","files":{"LICENSE.md":{"checkedAt":1631415840506,"integrity":"sha512-UYETA37gNUDKrmMFiphSX5pKZ0Jb2MNZb2l77Vrh0gU/5292uFpO77gMxRn3sD02jPS0RSiMTKfKy151I/M5Yg==","mode":420,"size":1073},"package.json":{"checkedAt":1631415841943,"integrity":"sha512-yhVALIycO1zwCevQC5PBOb5GORgkk1wzK6l61nGSKafqiboNJmVESSm2L0hm+/ktBetosi15mVJGvZrpNVSe+A==","mode":420,"size":665},"README.md":{"checkedAt":1631415841943,"integrity":"sha512-un62VjLFu7eO24s1uraPG68ZOHuxLZalo2Uz9/OEA4xcuaP8Hw1qAdc30/iig0Hf854IaqBdmcFVrHZ2aygmiA==","mode":420,"size":558},"index.js":{"checkedAt":1631415841943,"integrity":"sha512-1bRwgjMEZencAnom3E80+JbgRlxn9QPEcvyr2iAF8opKeRtrfgKMoOGPDxnxXn872pyx3N/EG0Mp/mi1MPxuVQ==","mode":420,"size":1016},"test.js":{"checkedAt":1631415841943,"integrity":"sha512-Bta6LhQrV/suHb96vAXeoSjrSBnDwjwbiQ6xwRVjyNgAak21jTXNAcWuAkD5RYLX0uegz9Qe4V7VjfaNxddKgQ==","mode":420,"size":1095}}}