{"name":"chalk","version":"3.0.0","files":{"license":{"checkedAt":1631415839865,"integrity":"sha512-nIst73auX/5NY2Fmv5Y116vWnNrEv4GaIUX3lpZG05rpXJY2S8EX+fpUS5hRjClCM0VdT2Za9DDHXXB5jdSrEw==","mode":420,"size":1109},"source/index.js":{"checkedAt":1631415841588,"integrity":"sha512-F8e3AzPvBJRVYFxFDqm+RgMGMMroL3gGN62rxONx2/BJBA7d7MxAhhnUN/NiRlQDAbMFFRwKF4RqFaN0VlPLSw==","mode":420,"size":5863},"source/templates.js":{"checkedAt":1631415841591,"integrity":"sha512-K5Der3gXzF0xlLNeWrhRFe/qYEkVrbNNZ/l+J9vDlMEmFQQ0J8il6AnYI+SR/gNkzAcWGHiKSgI4fC5Opg535w==","mode":420,"size":3361},"source/util.js":{"checkedAt":1631415841591,"integrity":"sha512-niRJz5zRCOfRW8aMV7RatOy7hLjsfWwuejZ6R6pO3mXHxKpXCzmUC+dyFMZmcwwfpSUKx2dANFtuDu+FLM+KUg==","mode":420,"size":1035},"package.json":{"checkedAt":1631415841591,"integrity":"sha512-TYrdotIVpywCXy+7Q2MqH+vyA3iFsz7UUVJmOFqVbqTp+Z3Ms+MFdQshBLGaKWrrwY9mynDrL6qvfCZ8Xp+4mg==","mode":420,"size":996},"readme.md":{"checkedAt":1631415841595,"integrity":"sha512-YM4iig/s6Djp2Pz5lfR0Zw3jwxuEsws5GH89L6GAsrg35z7PQxATkrubWMg2YX11dAzkyFYeLMWkxw48OsAkjQ==","mode":420,"size":11809},"index.d.ts":{"checkedAt":1631415841595,"integrity":"sha512-/ICxSIasIxF0WgGksHQS2tNl2IivLVWAkJ0CrICHG4ilmuwowVUSjwRNZZjFvlZVDaY2334mtHOF9wADwnlQUQ==","mode":420,"size":8556}}}