{"name":"type-fest","version":"0.8.1","files":{"license":{"checkedAt":1631415839865,"integrity":"sha512-nIst73auX/5NY2Fmv5Y116vWnNrEv4GaIUX3lpZG05rpXJY2S8EX+fpUS5hRjClCM0VdT2Za9DDHXXB5jdSrEw==","mode":420,"size":1109},"package.json":{"checkedAt":1631415842771,"integrity":"sha512-VSbpt2Kmq+mPAojkD8mCYG6lWyzNsL2TRJdTZdBwK2FzrOM6DEO3Tvm7I0dNkmn/kXfnyhOg59P5G3O3OM6Khw==","mode":420,"size":926},"readme.md":{"checkedAt":1631415842782,"integrity":"sha512-CHLUgIm797qGOQzf9iy5+WOTl46buJmWRscL+JNuA3nWWlrUmMKcs6K7GY0FZPgkGsKsRAaTFgJB2LA/QMh9ow==","mode":420,"size":27689},"source/basic.d.ts":{"checkedAt":1631415842782,"integrity":"sha512-DUQTOicHOdwScHjUCU938Kk6lxjJD80fbYlojG4d0ELKwPjedudxj2ObOkoIksMu7WXXg9Z8VSaTwdF+bmn3ig==","mode":420,"size":2017},"source/except.d.ts":{"checkedAt":1631415842782,"integrity":"sha512-6u08NAcB5qWsL7sJ+EdKvQoFsPQt2+Ai8rISigDK6sLoD4HKxRFXzNW1cAm1HW3kE0KBSt+gqLnHDHzZZWyk9A==","mode":420,"size":886},"index.d.ts":{"checkedAt":1631415842782,"integrity":"sha512-sNWA5XLFMKqEr/4eJNaUsUCEyL/X915QCY88f4mn/BGYmJYq3IzPMHdUyNifpU0XBz1u0kF3j3QmcgOUx5VL2A==","mode":420,"size":777},"source/literal-union.d.ts":{"checkedAt":1631415842782,"integrity":"sha512-3qr8kUDiuNz/Ec2COzOJ4dyzrYRaSnQ5HL8nRZ4miWz6aWwvJDUGlp4KNVdzqpHVfUav6Yw2vb09NKjN1efIlA==","mode":420,"size":1152},"source/merge-exclusive.d.ts":{"checkedAt":1631415842782,"integrity":"sha512-Juw3JV1zcM/qr2FLWDnuYbQB+sSo0Aau4uNnMkYk7u/ZigSNEIvB4W8dl0+PM6VNxgqFNzMQQFbh9BRS2J5wNA==","mode":420,"size":1340},"source/merge.d.ts":{"checkedAt":1631415842782,"integrity":"sha512-k0ImUFrEvPDbcrdRY/N5hEn6vuVfYPx6J/3pxOfHWdn5uD1fV/ht6hXqXl75hKf9aP0/i2+JOrSRR/cvVWSxFg==","mode":420,"size":415},"source/mutable.d.ts":{"checkedAt":1631415842782,"integrity":"sha512-VXukgbHb/gd0PV7NYTHfth/MCBxfsFa22jUqsuKDUr4Lc3UZ+Sk0+xPgshdzAhDSFNrmrfrJdREmgWukNyWX8A==","mode":420,"size":860},"source/opaque.d.ts":{"checkedAt":1631415842784,"integrity":"sha512-rkDjPw7NJhqBr1HgGT0tTjg2D1leupKZxnx+KQjwpZ74mR79YQYlczl1/5nV1ZLUA77j5TEVzrloACcTj4fuaQ==","mode":420,"size":1383},"source/package-json.d.ts":{"checkedAt":1631415842784,"integrity":"sha512-Q9nN4ccB+4AfNTCFA9oUKWwp6NX4GJFIDpT+U/1Bi73syRVr/pHGeNbd6hiYORTKVy5Oz0u2p6xFu4RNLKES4g==","mode":420,"size":10232},"source/partial-deep.d.ts":{"checkedAt":1631415842784,"integrity":"sha512-ffH1aN2cP+YEecApqfOi2aKHWPEh/1+wFbZxxDXCxddUfeFQkKqBPnLiSBPMLI6Kczai728Z+gF8ZrsmNe1fow==","mode":420,"size":2312},"source/promisable.d.ts":{"checkedAt":1631415842784,"integrity":"sha512-SwVv8joI7olmlAKsE8eEnJCuhnIiyYx2q30xTXaTIKb+VT6hfXdwrKJJ2g2FSzrEWGMLYzHr0HEs+fvxnsY+Qg==","mode":420,"size":775},"source/readonly-deep.d.ts":{"checkedAt":1631415842789,"integrity":"sha512-CykAaYQrWSHuqMPA+IEq+/g6SQrMp5SDYri8HWx8i7UU1R7pe7Y2QSbr6QmyUcWjZ+qhyLtYx1I1CuR5aPGN8A==","mode":420,"size":1828},"source/require-at-least-one.d.ts":{"checkedAt":1631415842789,"integrity":"sha512-isN2+Ac5XnR+pMz1uGSlr87D+1vLt+tYw9GxSwz1RzRulWpeG4oyPmL9Xrq7HP5Kq7xWJe1glH8T9A2i7bEY1w==","mode":420,"size":809},"source/require-exactly-one.d.ts":{"checkedAt":1631415842789,"integrity":"sha512-B8erfJ8IULQROOfni47OGCSD5KtAIy+4ri/sWUbBlXinayp4tIX8Z48sB8hI86Pm/mamchWANHqm7fyohcSvNg==","mode":420,"size":1322},"source/set-optional.d.ts":{"checkedAt":1631415842789,"integrity":"sha512-HJquoPMc83/Wk97YMH7fup36T45VDbKlL7PdhlXCa+7qSCSkl/2jKJaCMphdFA9k5NXJievurNDg0C1myR5YUg==","mode":420,"size":1057},"source/set-required.d.ts":{"checkedAt":1631415842789,"integrity":"sha512-HAeXx2krv1MgLSy8Eyor2hco69OlcB9UyQ55e1xNf3vuXtKwZe0uVme1fuJ5DeBM8xU4SlySMRIp2cl+3VNSQQ==","mode":420,"size":1058}}}