{"name":"rfdc","version":"1.3.0","files":{"LICENSE":{"checkedAt":1631415840935,"integrity":"sha512-LtI9MtRTHB88rDPsNPYR8OzIo42w6CZ0EhX8wZymB5fblibgve3SJVjhQs99kW/d9Hrxwa9K5U+swkph5Zf3mw==","mode":420,"size":1101},"default.js":{"checkedAt":1631415840935,"integrity":"sha512-vgLT/DxcVXWLLoUXP2xzXNL/8OTCHl3VuFXGFY3DRwH96ZBTrJopzbJuduz6AgAlVcuq2aWNSbTSvkVgYvv2nw==","mode":420,"size":55},"index.js":{"checkedAt":1631415840935,"integrity":"sha512-EQhMwoe9h8zYzvUFNlc5IYtuo3505aFZ21+P+NZv1Hs15pz+vNBicU+i+knB5PibkNrjLnLBJfjDzoNH/O/MZQ==","mode":420,"size":5616},"test/index.js":{"checkedAt":1631415840938,"integrity":"sha512-EyeZ6nvGG9VRSLTehnsilRAwW6jehE8LRcPtbQ93Ug+HRue2NfdqPg6NCIB92pEGTagCdRMCz13oilnE4SKHiw==","mode":420,"size":11404},"package.json":{"checkedAt":1631415840941,"integrity":"sha512-gINGp4ytz15RgoqxeKexvdjd4RRMzT2bn9VZl2Dt7oTTtqqumiLknrWHpWzaY4FbTHF957C67Jyyfl+9sCBNFQ==","mode":420,"size":1541},"readme.md":{"checkedAt":1631415840942,"integrity":"sha512-x/+RcqFXH0drnd78aQshQDJ+S4WZhtM0q2DOkK4UNd4BExl2dAfHH6HiwmDtgfdLjMciUt/6iPmkYyXMRnO8Dw==","mode":420,"size":3525},"index.d.ts":{"checkedAt":1631415840942,"integrity":"sha512-JsdfVtV4Ego2zxBadH5EH2pYTOu6o7k51LFJTzCBGWdgbuc7VkwOprc0Jo6qOOSZkt5f+BHzkOJClM+qeB4Cgw==","mode":420,"size":181},"index.test-d.ts":{"checkedAt":1631415840942,"integrity":"sha512-jq1KL53uevXu0iuuFxTPGfPT/IRZEaiWNnNHtv2HHQMdD9C+U+X/BYCKjfplws6Th8siDeMIaA6p6I/OB8GOuQ==","mode":420,"size":174},".github/workflows/ci.yml":{"checkedAt":1631415840948,"integrity":"sha512-xIXfGqgDh3TNox7gQ/7kOTm3B7qBZwxjdyt+VfwA2MjlKE7UNmpnuDwr63f3tVVCVfTL1JtRmSDuxSocJZhd8A==","mode":420,"size":448}}}