{"name":"formidable","version":"1.2.2","files":{"LICENSE":{"checkedAt":1631415840882,"integrity":"sha512-Dl0b0yz/MktAQFbcumxH5G1dP5e3ej9CE09n8aU2p3lZsSlqCPRBheC87dNLWoIU+2ZIrqYBjQrx7gpisL3WBQ==","mode":420,"size":1114},"lib/file.js":{"checkedAt":1631415840882,"integrity":"sha512-T86MJFmRNZEt6KnGPl73S58e1T9d52PnaU9lC/m7Snwy6uuZM4ADJogUrqptBVtaMpZR8q9Z6HpeN4wrccqOvA==","mode":420,"size":1643},"lib/incoming_form.js":{"checkedAt":1631415840884,"integrity":"sha512-WTgHYvhiDiiibDEPVkEdCoAL/O9PuRTHkBoZcUiogHfMxcevewz2Y29iR1RzWe/w1V2049zFK7mKaIjUGbo/Ag==","mode":420,"size":13698},"lib/index.js":{"checkedAt":1631415840884,"integrity":"sha512-18I0+vOzwKb6pBJUot68m2sMsPomOmQgoya78z7aoRsjbws1aIa8nhjlX9rC1/ot3Ac4hzaasZc4GJjy3SJh9A==","mode":420,"size":133},"lib/json_parser.js":{"checkedAt":1631415840884,"integrity":"sha512-tx90d9aYpk2Rey0mve7f9LTQ1KPTUaNj9tmrD8fY4zUfStr5twW9E4KX6pYqDaO13TeeJao2d8jaBmbuECt9uQ==","mode":420,"size":650},"lib/multipart_parser.js":{"checkedAt":1631415840905,"integrity":"sha512-svLrOl/rswWKlQzYekLvmQHsy4akCLWqIjfylwz2DhlMzRyk7AQu/8Z8/ajO4/K2HgACYJDeCIqt+7qV1cFnpw==","mode":420,"size":8460},"lib/octet_parser.js":{"checkedAt":1631415840905,"integrity":"sha512-yja4qlW2COqZ3CYH9HOnYeZhXYEL3gD6o8+AyhhUPURTvyAiA+70Eaj694Pe0t1P4n58+q9bLnBs19ZrusmwEw==","mode":420,"size":456},"lib/querystring_parser.js":{"checkedAt":1631415840910,"integrity":"sha512-Tw1h6rvDVYz15bo/0PbyncPTxc4Gjko9eslI8Nu0vB1mcZ1I+qbJsjj4ZpM1Rjie5givUGT2j9BVwv7IY58KGg==","mode":420,"size":740},"package.json":{"checkedAt":1631415840914,"integrity":"sha512-+I8coe8RDJObCwOHjcWr9/J55G7gSz73qmG6nH7PuXapsWgnYDCQGe48fFwdi2zysflSleZqjxzSevgCaqgyOg==","mode":420,"size":672},"README.md":{"checkedAt":1631415840954,"integrity":"sha512-Dy3OG9fKGVroPyXQ8EoWE7A8J4Q7PP1q3CRsuNR6+AvvT8XPmCp/bvwgqViWBgSOXk6cFeoDwQiu1ARNiEe8WQ==","mode":420,"size":31924},"benchmark-2020-01-29_xeon-x3440.png":{"checkedAt":1631415840974,"integrity":"sha512-JppUPBDlE1/WbHy/m9OSzAfqIvefyI3U/ldZ2dHpdnOocgYwLvkwec/fBDmSVTRRC3AgS0bf0lmvzQArKxpmIg==","mode":420,"size":25658}}}