{"name":"http2-wrapper","version":"1.0.3","files":{"LICENSE":{"checkedAt":1631415839904,"integrity":"sha512-JlwLnLfjTqY4Uaa/DaAs09pb6yg5t5vexyYHsmpa6w80qBLzeUHXfGkvn5eZpwbecE9ByeDzYLjUDbudC0FkgQ==","mode":420,"size":1071},"source/agent.js":{"checkedAt":1631415840217,"integrity":"sha512-IfDdn8M7pYcSJQyhVK3Oo707lNjJIIC0QwJNAggw+Q9jYeBuOa8EYUGnx5/eMaLwhk5bPuyP0ZXNSA3k20p+oQ==","mode":420,"size":18771},"source/auto.js":{"checkedAt":1631415840218,"integrity":"sha512-r629OcRghCBJnQmeTtLFg6SIrcdtGk6JmR8E3KPTR/9cx5NzmZ3pQwlwf5GkVp3OQmt6g0PatR/RC1D9Gp13hA==","mode":420,"size":3672},"source/utils/calculate-server-name.js":{"checkedAt":1631415840218,"integrity":"sha512-t9HclYUNvPEQHz1k4w++Gfj5UocR3Q2tWHeF52vZnaVR2Gb6G7vA9xeXDv2S7oGBACevB5ypEGOcYC+SleHbLQ==","mode":420,"size":599},"source/client-request.js":{"checkedAt":1631415840226,"integrity":"sha512-cWQuPS2NQe+EJcGVfHijOeRJDhVL3mjqYzGkMMl8mAwi7fPn5xX4cUYwiLnKnDiCCiMzGXM9yxUbmal8M0+r8A==","mode":420,"size":10806},"source/utils/errors.js":{"checkedAt":1631415840228,"integrity":"sha512-JtP7gZNyvMqSsoyJxjUsRQUQr0JrqUO8noEIQBuscSQ6NARDi2RYxskkuHVFFfB15ko1t7bncqp21mE8jL5hIg==","mode":420,"size":1406},"source/utils/proxy-events.js":{"checkedAt":1631415840228,"integrity":"sha512-VXCLLtwKo6GQTmXyBkdu4oegpA27nVjMeBsNVE/qylZ6uyugD1VUKblJ8fAmxHDK/TtSHE5SfkfjPrHSuJlCFw==","mode":420,"size":149},"source/utils/url-to-options.js":{"checkedAt":1631415840228,"integrity":"sha512-XHi2iv7AFqHeF+hsz2/4OlMbIB/3IPAsVphhtN96asKAbNBKFBSQExOZdD5TeoOSd+WsyEcheSGY8w41Xh7KLQ==","mode":420,"size":722},"source/incoming-message.js":{"checkedAt":1631415840230,"integrity":"sha512-wDc4Zo8tyVCDakKAB51Of1V3kAf86jbs3JPKz1MoINH5iTRKcKyvoXz5A7kedWwQmsWRheRbPtZvbmdpyjtGng==","mode":420,"size":963},"source/index.js":{"checkedAt":1631415840230,"integrity":"sha512-Lw4aS5lME5PmudFgJQ23Ti/D+XQk7gmLkNzurvwZVjA+DqkEgMl+5RtciUj+2AiDctAC0bupVGBjGsGe235vnQ==","mode":420,"size":607},"source/utils/is-request-pseudo-header.js":{"checkedAt":1631415840230,"integrity":"sha512-Mgva96w2cRx5Zs6jyh92JZ4KvyvHK65e1+Av6EPmjDfMr5aD9ObUHsxvSe4MGQgACBoQoLz5KHleaPqwFPQ73Q==","mode":420,"size":186},"package.json":{"checkedAt":1631415840234,"integrity":"sha512-OyrXhNbn+dH0ZMa4AmBAPIhLhDNfHKuyyrjiT41NsQIbkg4pzJ9HQiU0ga/1t3Gof3KJdF4vjVmPUjJukA94Zg==","mode":420,"size":1123},"README.md":{"checkedAt":1631415840238,"integrity":"sha512-tAFsQdqTULVJiNIDp2V3JUWzVwSVWW44MdlBcCpmqhtA9VpILiQQScCuxV0fALngiYjkP+u9yJbE77Wzw9dLwA==","mode":420,"size":13034}}}