{"name":"buffer-fill","version":"1.0.0","files":{"package.json":{"checkedAt":1631415842396,"integrity":"sha512-sSPYhMjrhgOwZMNZK0uvpkX65FuRkRE8zeUNYnNvaHyfE0Rcsd5OiRmyyXhAEnxAQn06ATSVj8zpOJ4nd6VgEA==","mode":420,"size":287},"index.js":{"checkedAt":1631415842396,"integrity":"sha512-ahRPJ8+7aOJXyumgNnKp9ylQZd16KdOM+KrGopVc/isKV4hIH03wnFlVFzAKq6gnxmNrces00Z8DhQShRJZIoA==","mode":420,"size":2433},"readme.md":{"checkedAt":1631415842396,"integrity":"sha512-hw9/cMWaXlCP3m626LrLt/qPXWA9rxp+8LOBo6GlUFxxYF28nsyJOKE3Ma6mxbrG2uBR33dEhXVkiSQ/y8XP5g==","mode":420,"size":1670}}}