{"name":"buffer-alloc","version":"1.2.0","files":{"package.json":{"checkedAt":1631415842363,"integrity":"sha512-FFv0p4MEiJJKiPX0L+X8gZeXo7cApEgWUmGpIjf9CRZZgowhfbfw/0RjnLp73WJKmlS2uXzsn+m5CdIdHrD/ew==","mode":420,"size":448},"index.js":{"checkedAt":1631415842364,"integrity":"sha512-1D4ZBfe028zJKHA73nj8iZBdP6UvvaDAraUauP15mKf14T6cDCWZeqnUhAzw5Di9iZ3HkUnMIhBDsE8tOYUpQA==","mode":420,"size":664},"readme.md":{"checkedAt":1631415842364,"integrity":"sha512-CGp8gRfET7XTLWaJNADijKX0H+o/zvOaPBvlubZCde/EtubRtSdlyuHlhNzp4MHfpXSg6Z5zHdxHNVbIwbwPOg==","mode":420,"size":1162}}}