{"name":"@types/cacheable-request","version":"6.0.2","files":{"LICENSE":{"checkedAt":1631415839932,"integrity":"sha512-HQaIQk9pwOcyKutyDk4o2a87WnotwYuLGYFW43emGm4FvIJFKPyg+OYaw5sTegKAKf+C5SKa1ACjzCLivbaHrQ==","mode":511,"size":1141},"README.md":{"checkedAt":1631415839943,"integrity":"sha512-3QRa2rdXZ0m4+/gTIIyyX2bYBTvdSVRZjojpRnywrGPwmqsgIbsvZcqB0huuIB7GD887MTKb9PdkikF8MPFvRA==","mode":511,"size":857},"index.d.ts":{"checkedAt":1631415839950,"integrity":"sha512-y+llDEjvgG1EttnshTtDoeFAK7ZrmhLXLlkIuPWbLOpvfN/wk8vHh7MR88RQFizmLN2rNdTLQTWAUIOB5BFZbQ==","mode":511,"size":6139},"package.json":{"checkedAt":1631415839950,"integrity":"sha512-7OLRZwdjSTpDHHvnYW7E8Y4SYdAxitaajZqlFnVfNKHR+ooTF7tuPssuqvKOcWkRAG7k8knPoQegfuNmOEhVgw==","mode":511,"size":1134}}}