{"name":"is-obj","version":"2.0.0","files":{"license":{"checkedAt":1631415839865,"integrity":"sha512-nIst73auX/5NY2Fmv5Y116vWnNrEv4GaIUX3lpZG05rpXJY2S8EX+fpUS5hRjClCM0VdT2Za9DDHXXB5jdSrEw==","mode":420,"size":1109},"package.json":{"checkedAt":1631415841764,"integrity":"sha512-UKjy6jYEvlSi4UoTGAzpOF30etTP1CAS/WLPUvr/bFR/HqqiiHZ6kmhy45iKXGW4P6oIuuTb9tOUNyuZn3v53A==","mode":420,"size":535},"index.d.ts":{"checkedAt":1631415841764,"integrity":"sha512-NhByWv/aZ7kiGCkfGS5o/2Aq0P0IFiM+mhUA/+R9m7avhX1L04DOYeQ+fNRLJ+GUZ8YjcggqxywMLXwlGws1Xg==","mode":420,"size":345},"index.js":{"checkedAt":1631415841764,"integrity":"sha512-PcRHJbfZ8w164Qky96bjtKvV8Vl54ezX2hMgnimnWqQaGmlJtpKfbfHGlIJFDRP1tsNgKsUjPdGqf0xXvSDMyw==","mode":420,"size":144},"readme.md":{"checkedAt":1631415841764,"integrity":"sha512-jUnvv0RQsOjHCSMB93Zm754IkLz2ZeZr+C1zKgByFWEtgnIcqvYfgNb3DAk60aYNZ7Y8TrRYtqMjwAL1HJtNiQ==","mode":420,"size":688}}}