{"name":"mkdirp","version":"0.5.5","files":{"LICENSE":{"checkedAt":1631415840957,"integrity":"sha512-G9tUuJnEds6Qjnywdd72ipe451vf0smkTLGo15+kdEGrJ5j/NxQGtwjMsz8a0eFEHnFMBea19ltrsIMz7Z1lsA==","mode":420,"size":1141},"bin/cmd.js":{"checkedAt":1631415840957,"integrity":"sha512-ctZH8M2G8jbEHkC44juBF0ARvuJymnYAvjVUFluFHfOrgpp2xk9bRwU4l6Hn6ZwVLGifSj/to2SPMwJaaLo/Bg==","mode":493,"size":731},"index.js":{"checkedAt":1631415840957,"integrity":"sha512-RdLSclk93RHxwdK1SulTW/CLO2X5n3ZaE3fIXYtfdl6ac6vuZTlxLCzQI58TxjplSuEadOTObk0iODBQ0I+kZA==","mode":420,"size":2644},"package.json":{"checkedAt":1631415840957,"integrity":"sha512-DXj6vyW+ta+uOmRMaVta/MZkRCkQsn9AkUgfDzta1XPFx5Ac7vEqTma3NYwWFjQtuxhRdF3ldnvF4C1O9icLCg==","mode":420,"size":647},"readme.markdown":{"checkedAt":1631415840957,"integrity":"sha512-cvRRbjGcUV0ZhXxwuExv5iBA27i0oq4pjdkKMCt2uMXX6KmKChdHzYaTSzonChipFlC6JFRzKx3HDAe4TuDn/A==","mode":420,"size":2053},"bin/usage.txt":{"checkedAt":1631415840957,"integrity":"sha512-kDOoFBnahiHlJJRoa9RFk2vaWym4+mHU1v8Ze8jKCmv7DRChmumCHjg2KpGJ2YROVj8ag4fepuiPjexlTlrxhw==","mode":420,"size":315}}}