{"name":"readable-stream","version":"2.3.7","files":{"LICENSE":{"checkedAt":1631415842745,"integrity":"sha512-5h3nBNWnav1mtdmxx48KWv6ahGaGyi+yjIFKSmDb6CoZDtSmovMeCb9taVuOwXjr6pgEWTApxYwbG+3XkzJNEw==","mode":436,"size":2337},"lib/_stream_duplex.js":{"checkedAt":1631415842745,"integrity":"sha512-+xpflpUwZkJXdj4Qz6uzC2I1bQCmrmXtZPyF3TbsJhyVmLjr8oHHn6DCAFZ/b+HlAirWguG+ijrRyr0tKkl/Og==","mode":436,"size":4015},"lib/_stream_passthrough.js":{"checkedAt":1631415842745,"integrity":"sha512-qLiWZBxQIf4EFuG80xie6AYRAPeJV/BgVfLYto+o3FpTeEzSBPBFYa8U3rY0n1V3fTk3EPjBGSxbaahMMVhKNg==","mode":436,"size":1753},"lib/_stream_readable.js":{"checkedAt":1631415842752,"integrity":"sha512-3x2q/i30RzTT8CAwSpx6yc1ETh+qjnsUoKYZCsUIBO12VfEcd7rZZ0eMiMIWecWU0GzpWs0NAomtYOeqvgUXHw==","mode":436,"size":31324},"lib/_stream_transform.js":{"checkedAt":1631415842760,"integrity":"sha512-kQrynIm0EUrQnih8fTR1ONSU7IgJW4AYWi9b+0/rq1SzN8Mo4qBbS6tryaP6dEfQDQfO5U5C40yI8O8BOCieQg==","mode":436,"size":7742},"lib/_stream_writable.js":{"checkedAt":1631415842766,"integrity":"sha512-0f2josr/m3e9WJGU0rXWbKOQwiNqsKkGN4k+ZhEPtMImpe9KiwoliLTfF1TkwcPG5DzLkMzbAUmFpTJBOUPfNw==","mode":436,"size":20317},"lib/internal/streams/BufferList.js":{"checkedAt":1631415842767,"integrity":"sha512-XCgASIOIE2lmjIJNZ2EsIbpsY/Ri6e5Ls5EftxAd5Ltr0RwVWu5zSVSwejsXd/kckRZaCp1I8UsM7hlPdAuQGw==","mode":436,"size":2059},"lib/internal/streams/destroy.js":{"checkedAt":1631415842767,"integrity":"sha512-ipdpN7HgJ+aJr1AydoxbaWzP9NKvf5lsbsswdv8sIYVT6cxVJPp1Zihzzq6TE9q6QffacxEHToOX5Six6wnctQ==","mode":436,"size":1849},"duplex-browser.js":{"checkedAt":1631415842767,"integrity":"sha512-XYxNX90ggYeKsZ0Yw7KesA9KovbRtpHakOYDNUdiUg2PgkJa4isziXu81QhMY9zXaaN5MikJ03bcHco4fIU1ZA==","mode":436,"size":53},"duplex.js":{"checkedAt":1631415842767,"integrity":"sha512-94QzgGWs7iB1+HVb9FkWlMYu58o7ciyxLoX2GpkDpFw+aijpAxp4XJTqTY+qwBTGgRF8NBavXTdinq+jER743w==","mode":436,"size":46},"passthrough.js":{"checkedAt":1631415842767,"integrity":"sha512-42x8rxfrXoD4Vwfk/UHbW1D4RxkE3dDpjdnuFvvSIR3ndzAonxmQ1RnKlirav6y29DmvnTsZhogvfwofXA6EOg==","mode":436,"size":51},"readable-browser.js":{"checkedAt":1631415842767,"integrity":"sha512-8zZ5YzY0AUStqrsoNRSbx+CQ3Ucwtfif4losQ68iVX7DTe/Q360vgNhdMCHyhRjtZL+i5qZNnsteLGw9pvTk2Q==","mode":436,"size":351},"readable.js":{"checkedAt":1631415842767,"integrity":"sha512-ZdGBKdtzLBG98bKVOpW/niFhxLan+Q1wVkG3ss6xknzw4FpvxMZkjzxrFXO3z3FGl78mzESkKcyy75D791ACiw==","mode":436,"size":771},"lib/internal/streams/stream-browser.js":{"checkedAt":1631415842767,"integrity":"sha512-gASspe/BDPib9B7Ltlhvms1wfvO3icxxQEPEjA1HtkednSwv2YlK7caD7cuI+tiyhRfTKUF9bi0OK2OdlklW2Q==","mode":436,"size":49},"lib/internal/streams/stream.js":{"checkedAt":1631415842767,"integrity":"sha512-m+cGJa+cR6N3JiIDHNxK2m4AnZ3fcfdAkQnva2rftERBRjCJfqsH93vSaPZslGLRmctyk04LtP275hTxa7PeJA==","mode":436,"size":36},"transform.js":{"checkedAt":1631415842767,"integrity":"sha512-HR9mam5wJeeXuT/5We9N+CmJ7+UuFOHNrGtrYEGrfIKjZyDz78RP/eCoeEJiw+efMlBEjdkmp7gvD/T+FnouWQ==","mode":436,"size":49},"writable-browser.js":{"checkedAt":1631415842767,"integrity":"sha512-pkf59iloqx9OLLvzXXBYqO24+h1MPW+FjqH1lSOgmqNOjv5j5/Pbpz4aPRVQna6CoFj7SrUx+b1I7jFMRGQV0Q==","mode":436,"size":55},"writable.js":{"checkedAt":1631415842767,"integrity":"sha512-fj5r6M2Ak4XaPcohzAr7ZGIYZI26GsHluHBLHzAwtlnwZVQscnMj6wpNrMH12EhgAqtEcpapq81ize3MBq2+dA==","mode":436,"size":229},"package.json":{"checkedAt":1631415842767,"integrity":"sha512-cc4wXGV49jlm8jg2CBX8jE9ZaXw3Y4Z3agLh1eTQ6ZsP03vt7hg3n74r/mdeMBkXaWLR+4m34lF8C6DrnwXN+A==","mode":436,"size":1370},"doc/wg-meetings/2015-01-30.md":{"checkedAt":1631415842771,"integrity":"sha512-8zqtREScbGLDrk6QU8HIhPbdvOAK7jXeWBi4Lp3SOPa0w2Lh2Ufa+7VQRgGrekdaeG+OirM0pwP0s1QcVZXl5Q==","mode":436,"size":2280},"CONTRIBUTING.md":{"checkedAt":1631415842771,"integrity":"sha512-hUlMplgttqo2efUyxUDyB1UWYowCq9b8gnNpz47B8qxmCS/4FUBtRnDHozytxi80wsR4E2lTZWzoWn1XVfjDHg==","mode":436,"size":1443},"GOVERNANCE.md":{"checkedAt":1631415842772,"integrity":"sha512-WG8PKkauKejcC1kx4UTTt1NgV8sKbS7PxyVExQSKH8lBfRT720XzPiHu+ZoqDjAqPHTS+ONgVzVEyDKFkwU9qg==","mode":436,"size":5550},"README.md":{"checkedAt":1631415842772,"integrity":"sha512-xr4zMxQnOxXjAfXjqbdVPZgbeuhkXmt9+jhfdZ42RfHeMZHOVPPwl56Ch4HpQ3vTdWzOCECHfoNilO6UUC8Q7A==","mode":436,"size":2999},".travis.yml":{"checkedAt":1631415842772,"integrity":"sha512-Ysb3tjZt+W6+cxmLeI1NQaVtFQebMZG78d7Dl6qx9NELuSOGuf/pgWZEye/by37Dj7S7lej02qJdMm+FJ/sotA==","mode":436,"size":991}}}