{"name":"json-buffer","version":"3.0.0","files":{"LICENSE":{"checkedAt":1631415840107,"integrity":"sha512-qm3bFL/jeaPb+QhmG/ii2H51/Dh9d8VKrSpbf6iljULKI36QUs1WT1ZlDjMPs9GTMoQTwSl21123NsNjW2FCdw==","mode":420,"size":1071},".travis.yml":{"checkedAt":1631415840107,"integrity":"sha512-/Pm6C1Wjtqv7QM5k5N/+D7VYqrQ7aq/ivAZQA1On7+Vx8WvUNdRSyXPkiWy92WGKwOHTAkSJTF36hDn+6w4YKw==","mode":420,"size":38},"package.json":{"checkedAt":1631415842110,"integrity":"sha512-wVVhwpP+BwanPYBqbIhSJhcZQtgKxxuL/Hg0X4NuRi0kDBkDkRLAOyHTGo6/ww8VIrEzeH42ec6ur1aSEPUjgQ==","mode":420,"size":878},".npmignore":{"checkedAt":1631415842110,"integrity":"sha512-/lpMCiIUit6tSsyREgOpKZUVzAxlpewZaeft5py+cVKn/2pS76yYxGCheET8nr6mZ2shYcWx/rtQFGOuWhIPdg==","mode":420,"size":42},"README.md":{"checkedAt":1631415842110,"integrity":"sha512-xwB1PD9V29habu8J3EMZRL9dV7SB4Zan6ApMkgJj1R07gECDBz0LRXacnuFuKUTE89p8JuO8pZSGOmc7eZTRZg==","mode":420,"size":658},"index.js":{"checkedAt":1631415842110,"integrity":"sha512-Ae5AUhZZg8fH/T9RGp82vMbPrAdGlAmPus/cl6izyEEDRDNObbd2qU7BTLmZQIuw0eVtb/vC6YGIm/Hg4TdDtg==","mode":420,"size":1503},"test/index.js":{"checkedAt":1631415842110,"integrity":"sha512-0FcHjdlDlvo0I32RPmZXyU9tOfgVm9V5mz180JqKeNa6wCzPUdFIYuIl3uwrXvIUbp5ua7bMMD3lN4edrcDXsw==","mode":420,"size":1246}}}