{"name":"co","version":"4.6.0","files":{"package.json":{"checkedAt":1631415840587,"integrity":"sha512-88UrfYUgVwxpwv+Ywv6fYN+X2XwDmkmzbep8nkvORYNuGi/0/JP0muu1OoApZB3TkcvYYlZsDfZit9kstmrpcg==","mode":420,"size":865},"LICENSE":{"checkedAt":1631415840588,"integrity":"sha512-yYdBQ0A6dqvYdvrEnC9jFPyHKhsYu2Y78An91yB0v9OPDzhm7NiUEkT9Q0PxiNiXyM36K73sEEg8t7Yvjxp29A==","mode":420,"size":1104},"index.js":{"checkedAt":1631415840589,"integrity":"sha512-sOMRV/QE5ENI8EBvEZXIAH6OBV/F7PN+AUoKF0fwpJlD4wx30wQzed5qZBNr6+NJIxGNPPbcun6bET2VQsEN/Q==","mode":420,"size":5036},"Readme.md":{"checkedAt":1631415840589,"integrity":"sha512-DctR8KecgDVj+e/2KDQGOhPDdjysJujXfEqfZL6Lix5+BBgh3pmgmREpXRa9guR9WRG3KL59cxRa1ZiN8Nsefg==","mode":420,"size":5382},"History.md":{"checkedAt":1631415840589,"integrity":"sha512-u1wmWBkmlcUOqYABCafkBd+h9cxHaGMb0uVuUMkEb1CgeCu0gaOLeFChx35mHUjVHR1QnsJzf6TYybhp516Dcg==","mode":420,"size":3629}}}