{"name":"end-of-stream","version":"1.4.4","files":{"index.js":{"checkedAt":1631415840070,"integrity":"sha512-0vzMnnzvV8KVzDoXAbmmS9vAGrUVT4V6VIJJyL3rmFe0vJOFPssF9xY95rNGAPYh1+iFvXcwFdfIoREQiH5fLA==","mode":420,"size":2678},"package.json":{"checkedAt":1631415840070,"integrity":"sha512-G3zEFXfVBrZMYdqem/BFkoAXWtrwDu8BC7w3JlSxhmCNjtxohbtMvNw5PeCEf/aRAULNhxGAPL4pxMjYsZmFGA==","mode":420,"size":777},"LICENSE":{"checkedAt":1631415840070,"integrity":"sha512-tSuhQwQoEtbdEDGhKUav3bbo+Ou8cWnFnBONFqr8XiYarpL+ax6pSj2A450kFcSyGXEO9Gk5ot8TXbJKDPcS+w==","mode":420,"size":1078},"README.md":{"checkedAt":1631415840070,"integrity":"sha512-4PFBMrAIXHNJMCPuhJAD2VEW6UBQf11Hcamh1hI0nsc/D9okRWVaoNe0dme2aIsltUVDoNsPzWYfxmd/qvTTBg==","mode":420,"size":1701}}}