{"name":"http-errors","version":"1.7.3","files":{"package.json":{"checkedAt":1631415840491,"integrity":"sha512-CvINU9qE6cauhVP38rcB9oA8gKLP3PBwu+ldaUwsdNexAo0krvVgxhSANGXJ+ODqMOjwNzEdZc1wMTSCUSLsZQ==","mode":420,"size":1341},"HISTORY.md":{"checkedAt":1631415840496,"integrity":"sha512-Kr4tznp3EMxfGo1G+WMwFH8Aj0xn4VTaHAXzJmwUsyMD1BdDYp/stC8umMHmeKOfeYusaPDR4ss4N08d5SUbDQ==","mode":420,"size":3210},"LICENSE":{"checkedAt":1631415839706,"integrity":"sha512-IlBI/ecFfFWsTftdr4pcQokKJYBEOZOhZW24ByAxG4NQEkIWRlQUbXHQKPO7qKsnFilv16bewfxJ8bNxqNYT5Q==","mode":420,"size":1168},"index.js":{"checkedAt":1631415840503,"integrity":"sha512-TIQe33kvN604bIDClrZo2wWHluNQg9Vk1nQRHTr5F1r98VRreLn+bom0XAGxFyOAQIZIicVkdhBlxn6udtrzpg==","mode":420,"size":5878},"README.md":{"checkedAt":1631415840516,"integrity":"sha512-QmIaBVyzYP6cSC4jyfg3hAaHr8qsEKiO17AMhPOd+FYR3HDir+ZvqiRTLkgeNkcTKmNNVT4UAOr54jY6knj3Ow==","mode":420,"size":5554}}}