{"name":"y18n","version":"4.0.3","files":{"LICENSE":{"checkedAt":1631415842656,"integrity":"sha512-MPU6iaiXCVAGDIUe6jq0lLWVFL5aaDejrpnSEYaGSD6VqJnwPfeq/5seTbVqfmOVd4xZXZIqbuoWGnXzRnr/Nw==","mode":420,"size":731},"index.js":{"checkedAt":1631415842656,"integrity":"sha512-G95pfy5L0ZuG69kWzjCkGKpNB5pCzOt4KKszpgiR0pQ/jv8vZYSh/9aVR4IzeXXt7nNcMkQJWjua5F71uo4Iag==","mode":420,"size":5273},"package.json":{"checkedAt":1631415842656,"integrity":"sha512-uyJFHUYQRQb/jW2XjNot1SRTMVUbh/b2E8SRUHY5zbguF1yO+nPTpuv1srrlNT89lriQ/Ulh9YlTtRiR09mLGA==","mode":420,"size":889},"CHANGELOG.md":{"checkedAt":1631415842656,"integrity":"sha512-5HMGFgyfGPg0nGEjadcnUfNKU1Au1SqMEcWIvlNWZFMEt5C2tT7nyaVW3yiz5W9VGM069ET0kZ3vf6XNsrmFpg==","mode":420,"size":1250},"README.md":{"checkedAt":1631415842656,"integrity":"sha512-3Y7OYw+WkXKu0AOi+Ysc8UOtryOrHxoQfHv2XJEdcp8lGVKGICxg8vtQ7UI5O49QeKAd7a/Yb+rHSPARVXLeUA==","mode":420,"size":2848}}}