{"name":"pstree.remy","version":"1.1.8","files":{"LICENSE":{"checkedAt":1631415841401,"integrity":"sha512-Qu/dMd4hZIvHQkfvpjL0sDq1hpel/Qcgu7altrDFqUNgHorHp6fIWo34hKaZdx5P5NDRoWFHPqo1SvUZ0eoORg==","mode":420,"size":1126},"tests/fixtures/out1":{"checkedAt":1631415841401,"integrity":"sha512-glJvKp8DOp0U4tZvL4b+yT7pnZ/hJeoAg9veA/RN1AjGEi24wGNf7MqfYBnzUwGx7FiUJXrMEXARvqg33RlLgw==","mode":420,"size":2382},"tests/fixtures/out2":{"checkedAt":1631415841401,"integrity":"sha512-DxlLvZURk7orPkB5ToA11CSsSdtIS3AhZXlHu57JdW6MpuzBkdyECQLIxZ9YqzL3XEhkkgjpRf4qbB/kTPZBgQ==","mode":420,"size":5822},"lib/index.js":{"checkedAt":1631415841401,"integrity":"sha512-ckgz00lXfJhvOJbQUih1j3Rx7GrohgxAmmMfKSDSELcnEo+Sxou5SSERMp3iH4xSSK0GMj5hhjkxMeGWUVn+Zg==","mode":420,"size":800},"tests/fixtures/index.js":{"checkedAt":1631415841401,"integrity":"sha512-aKFg/eRdTNTLqzqFSGpe++nduvbOi32XqFt2DIMQDIndgZ2tBW0a7agnYuWvFuX8UQcg4KA9JHMhgNxIkP8Z+Q==","mode":420,"size":282},"tests/index.test.js":{"checkedAt":1631415841401,"integrity":"sha512-ybPcHTuS3eQJaMCqqiLUjhw/sDOFCNXV0hlaw1tj/o3iRQ9ejFVCGrm3uyv6oU0jKniJ5koTudD1MfJkxKaFDw==","mode":420,"size":1387},"lib/tree.js":{"checkedAt":1631415841401,"integrity":"sha512-mwBA6fT2Ko4BwrsA6yo5ahc47xRvA4Izr9U4Cr2TKgH44qRWUKuAf/Onb4Xfe7oL+e+gwRnpaptw+iG25aeLRQ==","mode":420,"size":857},"lib/utils.js":{"checkedAt":1631415841401,"integrity":"sha512-kzJlkSYgsm4iETtRVGzLFeRJPidE4ZHH3mRSY1pb45P8iBfB+BKadY/hr2MSpmN4lfanraPu6N2TtVqKoT5bRw==","mode":420,"size":1171},"package.json":{"checkedAt":1631415841401,"integrity":"sha512-+7lYjn13rEE06hTafioLtiDqwhQl4YULDvfqEX6IMOBVB/wHX4LjtiOFLg3y19qOrbZbBLShxX2wWO57Pyl5zA==","mode":420,"size":629},"README.md":{"checkedAt":1631415841401,"integrity":"sha512-n7Hk7T/4SflWzyhpsshpGGlfyOKRP4RpdpbTdeBhpWNoFlvFrA4vGjxTH61C7poDiauFHcUltzQaYHBxW4iU3w==","mode":420,"size":421},".travis.yml":{"checkedAt":1631415841401,"integrity":"sha512-oTIYBuMkLyKVCxgw8ltNjVEWSRReXj8GfO/vTyKeZ/QrKh/lSX9rsbwFCkUeigQOclFBem2jBV2+LUg41Oy2gw==","mode":420,"size":100}}}