{"name":"date-format","version":"1.2.0","files":{"package.json":{"checkedAt":1631415840905,"integrity":"sha512-wTTqJ8TRlYYJvsbOx4KQcgXAoZ9KJrqMdzzE8WyHJZLOjXd0J26/VEZ35NEHS4Oq4/VQO6liwViTzJpE7Hd1WQ==","mode":420,"size":803},".npmignore":{"checkedAt":1631415840905,"integrity":"sha512-D+Faz/sd9z/M/4Th1o4lUBgm0o8vtVM6wrtsGrfTrmQiG35tDL82td2/8kZmp0w7sDrNyhCC7FywJyJVmUmVgA==","mode":420,"size":97},"README.md":{"checkedAt":1631415840910,"integrity":"sha512-Ywqa8iYOuYUcDJx/kVs0VPDAwqP2D/hEJ06LWb32hhAUSWLmiZMesBNa6oyyFTZTPadt01Plo0B1aFc99KMBgw==","mode":420,"size":991},"LICENSE":{"checkedAt":1631415840910,"integrity":"sha512-h0rdBsDqtWC45/uheGci7eRi/yJj7PMuAZIPfwkHIjmvyNmgViiGWx4UOIr39jHuVX3SK01j5E3qp8czGjInBQ==","mode":420,"size":1079},".eslintrc":{"checkedAt":1631415840910,"integrity":"sha512-+wMuYZgUgypRRkqsyhmz4d/KbMkqYhvqtGZtrJ7AtMzwIVVZ2FAgL9B5oMYyvviMjVVWgOjzalzzgtc04yY86g==","mode":420,"size":463},".travis.yml":{"checkedAt":1631415840910,"integrity":"sha512-JETrtmaWbn6rThq6hBbrxfhJXIXiQ7dnSDXJfSoWSsTI6E9wlN9Zfwrzfhb03X2gGFyhq1mmldUicxMZGG9aaw==","mode":420,"size":71},"lib/index.js":{"checkedAt":1631415840914,"integrity":"sha512-h11X8U91/IOTlKqQmYePhJjtD7uxRdBbILtCobx21O2GpteaZLSbRLpmHVL/t6qn5WRX5P/3SZ2RJ6U0sPlFJA==","mode":420,"size":2436},"test/date_format-test.js":{"checkedAt":1631415840914,"integrity":"sha512-TGMGtRpeHt0ivx4kAPQ27UkgdQVlRNO6ah9YDfSXRR8Lep35jMYT7mO+yo3W8JYx43vRuumV/uPQBYlMQfgYUA==","mode":420,"size":2220}}}