{"name":"is-ci","version":"2.0.0","files":{"LICENSE":{"checkedAt":1631415841944,"integrity":"sha512-2KVUREHYKdgMoMzPJX/RY12fWR3jole3XkkqD8Gf5f7pOwcObXeU3HyFYaOqdK/qFh8oy82bZ6ZCrjQxRdRMXQ==","mode":420,"size":1091},"package.json":{"checkedAt":1631415841945,"integrity":"sha512-mXVJnpZafwyqMMPcIbPkCvBZQnyH7Zs0r/SQjohPqZ+x6JwyIdiwTyskBDKq5qdL9n+ushc6PC4ajcrC1oHVyw==","mode":420,"size":797},"bin.js":{"checkedAt":1631415841945,"integrity":"sha512-uN/EGILK11GGbS1lW0VRcbox5efadjIbZ4sIWg1lxYjIarVx7Lm2qRHySGcNQS+JaE1016FlHTehnLdCWq9T2w==","mode":493,"size":70},"CHANGELOG.md":{"checkedAt":1631415841945,"integrity":"sha512-4c2vmNKwVux1R9m1EioUWuMJQK3Bj64ElJOyAC1+0RI/Efy8/4UCWe7vjPuL0qdx9Ns8kwXwsZvqVpMFE8nkyg==","mode":420,"size":269},"index.js":{"checkedAt":1631415841945,"integrity":"sha512-ODC6huQuDHhXQc3nhlNLQIggcqAe2+Q08/Zr4pX7ZYFRq2y5JopCdLUqQQBiUX8oavgQi5AOe/UM5+jirrCWkg==","mode":420,"size":55},"README.md":{"checkedAt":1631415841945,"integrity":"sha512-y8I81TvFRP2QAXnjQ9NC4X6vZ5Sd+IZtTHN7Ein9dJFhCakEFCdP1tpOiRLUULQEaa3LQQD0lKXNHCA2uCyefg==","mode":420,"size":1299}}}