{"name":"binary-extensions","version":"2.2.0","files":{"license":{"checkedAt":1631415841313,"integrity":"sha512-Wzvapn4mcxcnwv20/lDlVi+UrHP2KlJx11FcqRqnlMcWaeBQfeSjdaofzs2ZFTUb7MloQsgLXIZJLMJ7skwkvg==","mode":420,"size":1159},"index.js":{"checkedAt":1631415841338,"integrity":"sha512-moG2AckJ1bD8NLPZCAX3BLkec+f/QRwX69QWdqLi2hf8Bm6uPHveVlv+AJo6VEbyYzd1PDRwKl5V/StZyNHB/Q==","mode":420,"size":54},"binary-extensions.json":{"checkedAt":1631415841338,"integrity":"sha512-/YVfpvjFSbJvcOxNFWvQLcg7Osf6ryoqqLSlTMXikJ0Uz9H4DKN8+7VJBJSYkt84TsBTas0FBeVkzb46XwgQcA==","mode":420,"size":2158},"package.json":{"checkedAt":1631415841338,"integrity":"sha512-QuMJTDcJEDzxN/CKSVt6y7YGgdsSPieEi7IrwKeXJUbefmiMGwB7bOaPB4hQmODWIXE4N39E+7AzLZIRL45PwQ==","mode":420,"size":652},"binary-extensions.json.d.ts":{"checkedAt":1631415841339,"integrity":"sha512-84MrqWrldbGXwgTcHFBoGJAbq1SoFqht7t5GAScapO52W4ir3WL3mr1XLHtqN2Ux/U1Sb0F9/CcFJTcnnggwAA==","mode":420,"size":87},"readme.md":{"checkedAt":1631415841339,"integrity":"sha512-Ia6da0708l61S1scU1tgX92dAPhtZDs3619lqWKMYDZSXE3M3QhpVkEd9tk42Y2bjP2JbPc6v8DzCLXLvAmnBQ==","mode":420,"size":997},"index.d.ts":{"checkedAt":1631415841339,"integrity":"sha512-LdGPEnKOkIg5Ri+zGqU4nSgkAAfNVLnhKOGgOGWixzRKJNCAh4ING69YD3MO9+QHlfZ5r4rSeumoZSyTNMQheQ==","mode":420,"size":249}}}