{"name":"decamelize","version":"1.2.0","files":{"license":{"checkedAt":1631415841163,"integrity":"sha512-rnnnpCCaRRrva3j3sLiBcOeiIzUSasNFUiv06v4IGNpYZarhUHxdwCJO+FRUjHId+ahDcYIvNtUMvNl/qUbu6Q==","mode":420,"size":1119},"package.json":{"checkedAt":1631415842669,"integrity":"sha512-Ii8dx06/Q3xCR2foD4K3EtlbwApFSeLU2c4hTVLY0/PLPfmJQV1fZxXRfUYcCzHJ+y53Jo+JjXMbLLHE6GKpkw==","mode":420,"size":717},"index.js":{"checkedAt":1631415842669,"integrity":"sha512-kns7hwKJ/3oGlNxhlHgpvrB5nv7rFjYi6zjLAnmbQlbcWYOPtTjJi84RX8X3e6BeMp7pJuOyo8mqRqihrE42Bw==","mode":420,"size":323},"readme.md":{"checkedAt":1631415842669,"integrity":"sha512-6rxqTChT/O0zzKtSRgEQ1bayqYz8CswjDxN3M0VAkLFAW3Zas29d4Sa7W3/Msvs2245CzKCkBZo/GvhCdbiJvw==","mode":420,"size":781}}}