{"name":"is-extglob","version":"2.1.1","files":{"package.json":{"checkedAt":1631415841345,"integrity":"sha512-qyiaS5IV5g5ro+KLaOO7DTtjZbD37KgX6ev5gSbA3Uiyqbgi2UN80jhRnlgCUCJYHitgpg7Bj/22l7qQUAcffg==","mode":420,"size":1220},"README.md":{"checkedAt":1631415841345,"integrity":"sha512-gDyPl3DORgGje7yQETCFQgDVDoOPoe1xth/lH0wGOyxcb+ySEpB4kKV3geO0m3bl1B+9BTybJsLw0okFYi2Vtg==","mode":420,"size":3469},"LICENSE":{"checkedAt":1631415841346,"integrity":"sha512-lq7/KIS38aMUNN18NX4BP1tRi9ozEmtIXAwCCZTt5964lyrKnjs3PwB73ws2p7415zW1Y4DxV6wKHIE+Ggn+cg==","mode":420,"size":1087},"index.js":{"checkedAt":1631415841346,"integrity":"sha512-A595voDgHlPV1KV+Afwx/1MwnlT4wS6ivDeqij1VAouyWSTrWUaxCC09tt0tYKFu22BbSS9k7Bo1+5v5sjLk4A==","mode":420,"size":441}}}