{"name":"keyv","version":"3.1.0","files":{"LICENSE":{"checkedAt":1631415839982,"integrity":"sha512-b+puLzCIXN1sriNmN+8ZT+nrBidkN+NwwC6sZR4XADGYCrIB/16Klbe1wh8keI+pOAfWxPLPedX3F5Lm6KYf7w==","mode":420,"size":1068},"package.json":{"checkedAt":1631415842157,"integrity":"sha512-G5112QKCFbJcen5rHZfuhk0pTr17Jvn7ihYvYL3yJjOfAY9pKT5IxtA76zaQ0RPRfQRtI87ePMajVkLhKCWPnw==","mode":420,"size":1183},"README.md":{"checkedAt":1631415842162,"integrity":"sha512-8w275gg3bYDkRqHCxsj39DtPLaLwNtCxYfp8t7HF2qrX2vbRyYyLjC5xW4o5R8ZSs+BDDv8GCWYs1vyj11S/1Q==","mode":420,"size":10115},"src/index.js":{"checkedAt":1631415842164,"integrity":"sha512-EbPghWoIrm2g+bxX0jbbnSKLpSUzEuWwkpLZAjGwbOBWU4v/7upvLE+GDwyAmh3aZsiaY/kAnVkEX2nim8dDIQ==","mode":420,"size":2295}}}