{"name":"clone-response","version":"1.0.2","files":{"LICENSE":{"checkedAt":1631415839982,"integrity":"sha512-b+puLzCIXN1sriNmN+8ZT+nrBidkN+NwwC6sZR4XADGYCrIB/16Klbe1wh8keI+pOAfWxPLPedX3F5Lm6KYf7w==","mode":420,"size":1068},"package.json":{"checkedAt":1631415839984,"integrity":"sha512-vaFth1igddL6/Y4Qa8Y4tRH1TkSuro+0b7KS7Tl+j3sjt4AwnDbVVp86ge0L2qFeqRRRyl+6kkmhbhM8M4Izow==","mode":420,"size":1055},"src/index.js":{"checkedAt":1631415839986,"integrity":"sha512-fjgXgCYcNIoUYCQfc5GZm3Mu1AlEIogxyphlRWySPpEP53WK901tSRZbKZq7OM1wcwYBrUb1h/26KDlLCUZyog==","mode":420,"size":401},"README.md":{"checkedAt":1631415839986,"integrity":"sha512-gakPwtvT2v2LEM6CsA3rvp2gcCBcPpna1tO0LmuWvU6M5u0/ODmdXldbSYdd3mjJ7louY+OpQhtGkV1+uoxXlw==","mode":420,"size":2087}}}