{"name":"string-width","version":"3.1.0","files":{"license":{"checkedAt":1631415839865,"integrity":"sha512-nIst73auX/5NY2Fmv5Y116vWnNrEv4GaIUX3lpZG05rpXJY2S8EX+fpUS5hRjClCM0VdT2Za9DDHXXB5jdSrEw==","mode":420,"size":1109},"package.json":{"checkedAt":1631415841522,"integrity":"sha512-D4TfZiYvzzAwQ55Yl56TI/7mz/yHkJMNTzWZ9nu7g37URq3GvWy9KNasholZTAtKfeD7KgvdavbyeyWYygA/Sw==","mode":420,"size":918},"index.js":{"checkedAt":1631415841522,"integrity":"sha512-B3w8zFWT3bn73aBlmCizzVFDDWxkCIZKEufthFaMQbFuaKKqnvpF/fsoPIEFQb33SckKC3NF+8Uk8EC2cO9e2Q==","mode":420,"size":751},"readme.md":{"checkedAt":1631415841522,"integrity":"sha512-pJoteGsXVF2k9RJw5Fz0kPh2BWG9cpNuCSgULgGc/i1Hn6QylBrfE+wRfe4zldTEe2lNbj8u5nTv2XdiFKdtpQ==","mode":420,"size":1231}}}