{"name":"color-name","version":"1.1.3","files":{"README.md":{"checkedAt":1631415841666,"integrity":"sha512-/hmGUPmp0gXgx/Ov5oGW6DAU3c4h4aLMa/bE1TkpZHPU7dCx5JFS9hoYM4/+919EWCaPtBhWzK+6pG/6xdx+Ng==","mode":438,"size":384},"LICENSE":{"checkedAt":1631415841666,"integrity":"sha512-/B1lNSwRTHWUyb7fW+QyujnUJv6vUL+PfFLTJ4EyPIS/yaaFMa77VYyX6+RucS4dNdhguh4aarSLSnm4lAklQA==","mode":438,"size":1085},"index.js":{"checkedAt":1631415841666,"integrity":"sha512-nek+57RYqda5dmQCKQmtJafLicLP3Y7hmqLhJlZrenqTCyQUOip2+D2/8Z8aZ7CnHek+irJIcgwu4kM5boaUUQ==","mode":438,"size":4617},"package.json":{"checkedAt":1631415842508,"integrity":"sha512-ipjakUwSET79Hv9i3IySvYIsp6pj7AniH+aZ0Tpb0naSYKJh6QfbwgdHQDFDZU8FSeTLhzFzJl0aBfmfEYq6mQ==","mode":438,"size":555},".npmignore":{"checkedAt":1631415842508,"integrity":"sha512-q5JiCpBBnkXLMcJtVtJ6WOrdZZViPL9A8CIH5LXDhziiHKpuJ8o40pKbUwCwxPnxhyWYDFabI9n0JriXtsc1Xg==","mode":438,"size":1388},"test.js":{"checkedAt":1631415842508,"integrity":"sha512-8m1bgUP6SYPGYEwjL5aLtSk1LsnXaK03b1wF+UNhCP5ezgXXq2GnK8oLkSoQWqlrYpXyt/BkbAgHAHARDnPNyQ==","mode":438,"size":171},".eslintrc.json":{"checkedAt":1631415842509,"integrity":"sha512-8aa5pZPOaN7RZPPqFTJEtYINcKrkuqA6AjJEs5ulQCevZ9SPGpPhq+ebJZlsm92YE3r3QvRqpWEDQoCVktOTeg==","mode":438,"size":1160}}}