{"name":"axios","version":"0.21.1","files":{"LICENSE":{"checkedAt":1631415839779,"integrity":"sha512-Z0P+xYVeVCyPzD9bFSAkvtPmP75XkcBlBgI5jbKPBhk9PWiTkzXLYscdmjVQ/GL2h4mzjDJr4OHgdVGAiDwRPg==","mode":420,"size":1066},"dist/axios.js":{"checkedAt":1631415839806,"integrity":"sha512-otOZr2EcknK9a5aa3BbMR9XOjYKtxxscwyRHN6zmdXuRfJ5uApkHB7cz1laWk2g8RKLzV9qv/fl3RPwfCuoxHQ==","mode":420,"size":47413},"lib/axios.js":{"checkedAt":1631415839806,"integrity":"sha512-hlnDOktNfnf4ZimsIsMyrV/Fhl0t+WFZAEC5h7ypsBs5xFQ2OkmmN/APkn0zqMvMdm33LljbpeYZRQPddRs4aQ==","mode":420,"size":1503},"lib/core/Axios.js":{"checkedAt":1631415839812,"integrity":"sha512-xzuibwpatwC6xXWuoEERYNaP+ebMV1L2jmV2//UOLJRUNVeoWZU1g2KFWYj69Y8CuTIGbN6X9XwZgjuyBu7U4A==","mode":420,"size":2648},"dist/axios.min.js":{"checkedAt":1631415839824,"integrity":"sha512-bZS47S7sPOxkjU/4Bt0zrhEtWx0y0CRkhEp8IckzK+ltifIIE9EMIMTuT/mEzoIMewUINruDBIR/jJnbguonqQ==","mode":420,"size":14355},"lib/helpers/bind.js":{"checkedAt":1631415839825,"integrity":"sha512-bdJZT6mCIB0CbmM+WoPPo+VGO9sY1XND7nZ45M2hvqq57N4D6LFN8iHVNh//JOV7XUdEFlfLeV7Y0sCzMtDP0Q==","mode":420,"size":256},"lib/core/buildFullPath.js":{"checkedAt":1631415839825,"integrity":"sha512-ZZ/huUuEsNwt9ZSElZpyL/foXi8evbOuwFP4kv+D/IhSjTBdi4XVQVvk+Z8mRJ+Gu+f1uQ8/5EICzwr+e71DHQ==","mode":420,"size":695},"lib/helpers/buildURL.js":{"checkedAt":1631415839826,"integrity":"sha512-+zEFum16gn+zCRnj3cL2VWrFeJM9D3XL6SouXDhYkz+rvLlyCltekW4ubys7t0j2KMWAZxSFqk01w4HF08HLKA==","mode":420,"size":1644},"lib/cancel/Cancel.js":{"checkedAt":1631415839825,"integrity":"sha512-1rrXpTA21cT7x/OUlbsIHWAKofKuHUylMdakby3jNQsimZLkY60gg4fReKaETawL+wrcZlJcsemWWAEOVodpVQ==","mode":420,"size":385},"lib/cancel/CancelToken.js":{"checkedAt":1631415839825,"integrity":"sha512-JpDi3NbFwK5ez8Jyg2NquFXSJ8ZKgKaEqAEjj+OjFDvhBSu3C9lLOjAWE8/EFVoWQgbRIeAKCoHGB7Yo1uhe/w==","mode":420,"size":1240},"lib/helpers/combineURLs.js":{"checkedAt":1631415839827,"integrity":"sha512-jENfypoP7Zxud/RAXYT29TeKfYcv3z28qaKeOimqAE+jd0vzrIPxeSECQBZ4LlTolHCXwCDA6ssZT3swkxmmcQ==","mode":420,"size":380},"lib/helpers/cookies.js":{"checkedAt":1631415839828,"integrity":"sha512-yq72SPrf8xv/Z7zzVpFBI8hB8xkB42ZgX8VqubIcEoYqhFiwBCHJdlmomsBi7BFJ4Oo1ZPoggx7/VP3j/tkpqQ==","mode":420,"size":1435},"lib/core/createError.js":{"checkedAt":1631415839828,"integrity":"sha512-IdHY8zEnJC1w++SqAZVVCrixdUrij9QJ1k33l92U69MnvnCc/wq4qDk9N1epBCtc4iuIIzpFdteonyT+cEHRdw==","mode":420,"size":625},"lib/defaults.js":{"checkedAt":1631415839828,"integrity":"sha512-rdN2eTSc0U4kK3c5yy5Gc0OKYV/o7vvElozouAU1TK0KWotuOdS3BStGVUDbVhDJGtNcf0GBIfq/P5TBUnm1Gw==","mode":420,"size":2563},"lib/helpers/deprecatedMethod.js":{"checkedAt":1631415839829,"integrity":"sha512-wWJ8KPb/ZhEsv4UoogoMdktwqD3vYHrEOa407WpTYGuirOqSnFxr3E2juq2FT6E0L+dYTmbMKGUDgjWtotCA6Q==","mode":420,"size":727},"lib/core/dispatchRequest.js":{"checkedAt":1631415839829,"integrity":"sha512-hX35XlQKpWH1Thp6IZbfqKmijDPEx3vcRXJnQXSVlT/kt8T7Uh6sa2vocDdchVnqpTWBQBYwieyqfuo5kEixvA==","mode":420,"size":1934},"lib/core/enhanceError.js":{"checkedAt":1631415839829,"integrity":"sha512-YDIPtsCbqQRGSPLoMTW/sjPcNMkhxexDdaVZ99/DEiYddwAiM7mmZ0DyPEHr19TGEdl64dw3QOmJ+r9oG9jZOg==","mode":420,"size":1049},"lib/adapters/http.js":{"checkedAt":1631415839833,"integrity":"sha512-eHyZth7tmxmjjFXGJUwac7/dGBavzhnTYMrEYZnpk0JWdHtkOmeH3rmjGj4iWfI/0vFNLfSc06IOGoTM7OS4EQ==","mode":493,"size":10119},"index.js":{"checkedAt":1631415839833,"integrity":"sha512-F1gX97wLLrKOLYkkttNK0ewn+T1Mr3OkDBCMaM2RLfeqyPQJMsni5vCIJK2imizL6uffraFqMsfmIVvAYjM7+Q==","mode":420,"size":40},"lib/core/InterceptorManager.js":{"checkedAt":1631415839834,"integrity":"sha512-aKsVh6bNFBDGSSdgemqpi4NRn+ZaOCJGdP2m9opjaH9IhroCctFAc9MZw/zxs4HeBKfLfbzO2JIkrgT53ty24A==","mode":420,"size":1251},"lib/helpers/isAbsoluteURL.js":{"checkedAt":1631415839833,"integrity":"sha512-0gs7aCDB4Pi90OT2R66qFZMm2YvRTF488IdmSedMM5jsu1qdSWQI/UvIEaxn9O37uwWuB017qc9ux+1FX8b0PQ==","mode":420,"size":563},"lib/helpers/isAxiosError.js":{"checkedAt":1631415839833,"integrity":"sha512-T2Q9qRKieBdJMjNqCgQ5kz0IitZBMiOtHorI+fvAlfEGCM1lpXoX3oW0GhQKSPCkmEgXO6MvIQDJ37E822u+sQ==","mode":420,"size":343},"lib/cancel/isCancel.js":{"checkedAt":1631415839834,"integrity":"sha512-i/l/L4OFiWtjHpuJGIgcQmwXWTy7GmZnWLmAiQE1hlPn2fA8HeOceBQ2/cZrCvILhEQ/hHbwaZou+Rlpeg+aSg==","mode":420,"size":102},"lib/helpers/isURLSameOrigin.js":{"checkedAt":1631415839834,"integrity":"sha512-u4EKx2WfH1rP1tinaECVy0FXQ+rotqw0s23XMacF9tzmPMwPquv006o0KtQ8NXsHRjpFk/10XxdtNkE9g4fiMg==","mode":420,"size":2305},"lib/core/mergeConfig.js":{"checkedAt":1631415839834,"integrity":"sha512-aCmxjQn8XvYn9k7Y+jey2afVB7g09DMrb98LWAtM1OeaisYRN14aNKLF/l95d5BqQpaK3osFIfpyNosOe8qxJw==","mode":420,"size":2895},"lib/helpers/normalizeHeaderName.js":{"checkedAt":1631415839835,"integrity":"sha512-9dkdG3lbdeG+N8kSzOPcZ/+6l9GyX8tshFX/OF+xm1rc1XD0mRkzorQs1GXGGtoPB5snydjRgnDnYPBDoSmwnA==","mode":420,"size":357},"lib/helpers/parseHeaders.js":{"checkedAt":1631415839835,"integrity":"sha512-bhrh+cZuiKyuc7G8EEDRh/M3cHD2gr79oUgpnOPXHyE97gF3NoY0vwfgoSxiYEq6txzyBb5lESZdr8G89Axscg==","mode":420,"size":1393},"lib/core/settle.js":{"checkedAt":1631415839836,"integrity":"sha512-juw+B/YG7gXCIqf3ohWe7hlOHB3/KXq6rXiGCdvgej+3y2/hXVrN3iSfy5ebmfT3wEnYImge6I6WRf/sLN3mcg==","mode":420,"size":706},"lib/helpers/spread.js":{"checkedAt":1631415839836,"integrity":"sha512-cqFz/JziXZro32IPnZWBxz6s7FyhbJayVSfMAQoTtiIxmFThyjvj4u0gGRoCU5kjJpUv4li2uDWdz/OOkXKprQ==","mode":420,"size":564},"lib/core/transformData.js":{"checkedAt":1631415839835,"integrity":"sha512-x+jcbzB5ljPUmRyBs5mx6/xoIHM+/lO30svcRY5yA0j4vALgumksPQHa9TKOV+gt9cRV9VYbodM3XPNuaBoF6A==","mode":420,"size":550},"lib/utils.js":{"checkedAt":1631415839836,"integrity":"sha512-qJJFxXNmQZGPbA/+yo9kb9H0XEbckt1BYXnrm+iJ7AMtKOSuOiTWss7IRK0DUok8JA2+8zIIgRB5N02xm1c7Iw==","mode":420,"size":8947},"lib/adapters/xhr.js":{"checkedAt":1631415839836,"integrity":"sha512-ipFcN/3nWecjLLJCQ9pGjt8SQx01iiL5yCzPu167GtcF5oNcRgJnPqquMaVNMU2gajlDMLiUd8v4hcUbvF7rig==","mode":420,"size":5869},"package.json":{"checkedAt":1631415839836,"integrity":"sha512-zPr55Ryy6vNrkiOA2UUEUxhsqyQTdU5m+eep8crUg3UoBOtBrwjTS4Km5kRNuOHWUElr5RnYKDOXKW3+t6CT+A==","mode":420,"size":2473},"dist/axios.map":{"checkedAt":1631415839971,"integrity":"sha512-fo9hx7iKzN7puln1bKZ0mOoKQBkWUQnBcnUjupwoehXrKG0aTYk7nyNQ8FkNbZRHdJd1vvyJsnYFzhh/BNhHMA==","mode":420,"size":58611},"dist/axios.min.map":{"checkedAt":1631415840010,"integrity":"sha512-jqWqKR3epdu7IbDbXSt/PjioWERRo4ucnNuBTgXhEQwhlsyFZWt697gG7+qG2aVeevFw4lW5EBDVZt4oToUUvw==","mode":420,"size":118710},"lib/helpers/README.md":{"checkedAt":1631415840018,"integrity":"sha512-Vw+BD1XmN4KP+6pjVBOIvBW3O/Nac8c/Jdd7+w5Vsw+J0DbpBBMLm91bIMgWs6nXnklQBnj8/eoOub5z4HCAPQ==","mode":420,"size":351},"CHANGELOG.md":{"checkedAt":1631415840020,"integrity":"sha512-e2syLewbbOzXynKz69J8KWiF3y+OKzyH8d6iZsIB5LEDsvI9lHjngEDULoUhaWqA4guXZGYGNxqLRG1gIuBZrA==","mode":420,"size":39124},"lib/adapters/README.md":{"checkedAt":1631415840020,"integrity":"sha512-PIJ09X4i61j2WPAwJxPr0b9RbYgKJY+usTCalVGlhnr7hgFvswpLsrULa27F6NMsh+pMNrM+FvjQpCgzfglH0A==","mode":420,"size":915},"lib/core/README.md":{"checkedAt":1631415840024,"integrity":"sha512-my7I995eeTFBCrt7/j02sjUPwHf1y9p7Tf2dXDzIHQ5lEymJNAAO5a0La3cKXrpEga5FIFIXhBkgo775d3p79Q==","mode":420,"size":336},"README.md":{"checkedAt":1631415840037,"integrity":"sha512-8EhxvJwdAA35uzHcjOu2m1gO93hFO9PnjXdKakrPAYCaO+sLVjxa1aVqR3boXuyz+02fEgbOE9XVRq+TvSIFRg==","mode":493,"size":25595},"UPGRADE_GUIDE.md":{"checkedAt":1631415840039,"integrity":"sha512-p/d5xH7sEFfnRXTATSWGOAFLi9K3wDOGSlOFY5CfoGHdJOpuv5g35m1Q/x6ZuZXJOcQ/9f3ENTnbl565AHZXIA==","mode":420,"size":4811},"index.d.ts":{"checkedAt":1631415840039,"integrity":"sha512-Zvff7f0CrE3LAozlvXHZkIzehAK8flQmugz3EFpZNiEKCcQRuMn+Mb9NxT10vJCW93MIkmM7dJtg3f/MomtwAA==","mode":420,"size":4334}}}