{"name":"buffer","version":"5.7.1","files":{"LICENSE":{"checkedAt":1631415842316,"integrity":"sha512-C4gkwdCuX04P/8WV39+ojXJDZd4Wjv9LQKaLejDf3iyfZaEyt9R3AQT1Ng1OqACvBQftb1ha9gADsNOFwJsFkw==","mode":420,"size":1106},"index.js":{"checkedAt":1631415842330,"integrity":"sha512-mBQr6UFNlENARFfKwuHSX2zMnoc41pfbaebcGh0g78oyRuYDDB6+yfWmcjevpKUYqufRrrLLRdtJXv+oidf0tg==","mode":420,"size":50097},"package.json":{"checkedAt":1631415842330,"integrity":"sha512-wp1p2KhScV0shQ8p/yXdDIZP0BMWbUw2lMXjDTVh0g99HuTn4r0iD8MhZPP6sGgLs8p5/QBKHzmtbr4ZCNSoUw==","mode":420,"size":2597},"AUTHORS.md":{"checkedAt":1631415842330,"integrity":"sha512-lApehVqQG3F7xdTTFyqn9e52PfjhKcKjOyrkNt/Xhry+8HerDB8J9IOl9BQxtV0s5okzVQ54IzetzdLjB42OBw==","mode":420,"size":2672},"README.md":{"checkedAt":1631415842332,"integrity":"sha512-mkhK/4HZZSSccW36R3+PBnRvtpHlJayqSC4B92p/EdK7C9ONEgXTPvJ7m5btLSfG7nHu/zDUCC7gqfnUb3Q0BA==","mode":420,"size":17300},"index.d.ts":{"checkedAt":1631415842335,"integrity":"sha512-fnjswxYIm3u+jkoX/h0HeMR1WQ2nj87vCI2jaJN7k47/pogicbxh49/8fdo6S3LRxfDl7QXiknRRqFhMh09fmA==","mode":420,"size":8755}}}