{"name":"ms","version":"2.1.3","files":{"index.js":{"checkedAt":1631415840945,"integrity":"sha512-UbRQiaU6I8EuKOuIk5bi+nG5UIW6paw01x/7YlExvy/sOumO/q5TdlbiDqJX9E4Im868mtVM9nLN6FIQLkPhUw==","mode":420,"size":3024},"package.json":{"checkedAt":1631415840945,"integrity":"sha512-nhbFaJtXJ19O1iTGlU8SKZcG4jcqYPYXNCGADaXt+e1S5S/SsHmPgmzdut5soZpuaplpYMZpfMLaDd7LNkCVIA==","mode":420,"size":732},"license.md":{"checkedAt":1631415840945,"integrity":"sha512-mVNuznPC94j6dMQr+rwETTlmgS/7mp0wu5GDNxmZu0BnsmwbNtQHOERKN8NB/VubXoM8nUCIS5nTkUflqePz3g==","mode":420,"size":1079},"readme.md":{"checkedAt":1631415840948,"integrity":"sha512-pZwjuJVu0TxBUDXwmxnqA9TJtnWe9x0EJzWHH0Y1L0RCh7DD3VX1ZN3l2XzXZeTBZo11c4fAtYicWFixDCa/LQ==","mode":420,"size":1886}}}