{"name":"debug","version":"4.3.2","files":{"LICENSE":{"checkedAt":1631415839744,"integrity":"sha512-R7YS706T8a9iiR4pXp+6wF4Czxcm9Ww2+tUxQ3bijLyvfINVUnvAvaVMJsvgl7yMpctPeaqeOrbx2HXcpB1KrA==","mode":420,"size":1107},"src/browser.js":{"checkedAt":1631415839760,"integrity":"sha512-aQXtXyHAOruHIjK4NWzUDvOo0JXiuUQElWP4ewBqTUgNe09bWABfXVJlq4oI/w44Yf40LaBg5bc+RUcjkdPUew==","mode":420,"size":6010},"src/common.js":{"checkedAt":1631415839763,"integrity":"sha512-7UcdCpx7VnUYrmbKmcc5y6D3TiJVsdmL7hYXvoqwx2tQAb99Ep0jcTJtVbJBhVOMM/3p8CxFZ6A/q9DmmE3wAg==","mode":420,"size":6298},"src/index.js":{"checkedAt":1631415839770,"integrity":"sha512-T6qHTZ2GL/ySFSh0LE8f6KmyKjWHYPbpP87xOFI1dTKagBzpZZ7Y6WsCtz5YGz6Z2Rlz4imBs1j/teQxA6U2wg==","mode":420,"size":314},"src/node.js":{"checkedAt":1631415839775,"integrity":"sha512-MBe0cXEY9W+sEG3KoEauzzzGPDfmT0mDjlN5oTWDwpPznsWs5I+y2r6savSpZ/liGYEnM+rW82w/XI0TLXlZAA==","mode":420,"size":4685},"package.json":{"checkedAt":1631415839775,"integrity":"sha512-JPy3GhFjrCbPXJPU/AXms8J4OQLWMQhFewcpSodDKXc5LMTL5kCuiHUKP3FLUt6BBfUZRgfVsvlBmlsrc+wYTQ==","mode":420,"size":1376},"README.md":{"checkedAt":1631415839782,"integrity":"sha512-Pij4tMAGd9JmOHEKA7r+Hgijyw7Xq2hpx1+8jxqbDMSX61U2MvamA2B6l1gV9muILnuEouFGwyzOs0AiyZDE7g==","mode":420,"size":21551}}}