{"name":"@types/responselike","version":"1.0.0","files":{"README.md":{"checkedAt":1631415839971,"integrity":"sha512-0hDwJRZbm7sbQek6C0IEo6eJF5QyqIrauZoDlUC2QSYBgVz4APxSOlf2rtFs92NFVsSS32ufB4/BGzecNTl0+g==","mode":438,"size":528},"index.d.ts":{"checkedAt":1631415839971,"integrity":"sha512-+hyEMNSEx721kMhDguy8FmbrW+PQf65Zp8AHKR526RO7jXw4bcy2+1mvgPCwODWyNEYQrD+Zq+adNOYFpU9xoQ==","mode":438,"size":1207},"LICENSE":{"checkedAt":1631415839971,"integrity":"sha512-OA1NKix/qrKxxfRisVCbGmX70dPqjsRn88PFfBoDRzStaYjo80MtZWn8vDOnalp8LU4MLPJBnqCFq/O/53Wd/w==","mode":438,"size":1183},"package.json":{"checkedAt":1631415839971,"integrity":"sha512-7dZXNzoxEBWgLX8+4/5yEdlf7gGiV8qW0HsulHb8mi7u23Ra3L22lTELsKalJug7zuugfIU44YBM26+LyywWPg==","mode":438,"size":700}}}