{"name":"duplexer3","version":"0.1.4","files":{"package.json":{"checkedAt":1631415842166,"integrity":"sha512-Nmp7gKif56+imEvd6ylWSBr0XTGNiFEYF3JjgVxgj5/OkHz/uh4Z+EZPPJMNsajKS+ChBv1cW88ia35oO+wWXg==","mode":420,"size":519},"README.md":{"checkedAt":1631415842166,"integrity":"sha512-wk/9v70xWua6Ei4ML4Q447ovgo2Ow6Whze9Emtd0hV8K7CoPixF9Rux9kXjxB5FFH3GZxk89B2gkQ2G8IJRdUA==","mode":420,"size":2707},"index.js":{"checkedAt":1631415842166,"integrity":"sha512-YPRNKIDc0ANa6F6gxOZxdwHCVc/43D6pcS4tGLBUaq0vLKTn76EiYcz0CENpo81ZQXKvpJvX5rYyO5PTYTZ1HQ==","mode":420,"size":1667},"LICENSE.md":{"checkedAt":1631415842166,"integrity":"sha512-c6c5u0GNwQ7PblGKn3XB0BrC0F4yun4FVBfmUyIfMTaRXCpdDk9X83is5Lu0zCbtppdb4R1n9d+zIe9s19wC5g==","mode":420,"size":1535}}}