{"name":"cli-boxes","version":"2.2.1","files":{"license":{"checkedAt":1631415839909,"integrity":"sha512-0fM2/ycrxrltyaBKfQ748Ck23VlPUUBgNAR47ldf4B1V/HoXTfWBSk+vcshGKwEpmOynu4mOP5o+hyBfuRNa8g==","mode":420,"size":1117},"index.js":{"checkedAt":1631415841658,"integrity":"sha512-+iodmoyVwzsu1qH4Q5A79e9WiitaIbomv7FitITNnyI1gCVXc7vXExp9Wk2LBeQNAJWB65WQFFgK9H+QUKvISw==","mode":420,"size":167},"boxes.json":{"checkedAt":1631415841658,"integrity":"sha512-T6+yLVuJsD8JLzHoJsF6/GW9OrZaGMOXdMACaloah5jNNht7xif3xlWV97AI5VjPaNvz8yUuBk9jAxB5H2dmfQ==","mode":420,"size":1037},"package.json":{"checkedAt":1631415841658,"integrity":"sha512-aPJHK1Yr3u6D2XMBxQyhN7+IidTKNEzMAAoJS+v88SFp21dMoJXkkiwXXUbH42KRfmZmBqZDgI6oR6ElBaMbVg==","mode":420,"size":692},"readme.md":{"checkedAt":1631415841658,"integrity":"sha512-4lWEbZDEVm+/eA+IrJMW71H0NQmuwvhTedIqHJFgErGpeURQx9TeUqcfvU89gWAB5NM3R6lhWVIukwSuAH8XJg==","mode":420,"size":1580},"index.d.ts":{"checkedAt":1631415841658,"integrity":"sha512-w1bQG205U3oiY/wF9gy/l4f24Li/OTBuBFycQxZJabEV51QtWykszu1GO3sUr4iy6byJ2UH5dfqLHDAFRR3/lA==","mode":420,"size":1545}}}