{"name":"has","version":"1.0.3","files":{"package.json":{"checkedAt":1631415840779,"integrity":"sha512-cSD9OHHlA8xfnD4IuBzoScWc11uXsD7gTPW7scVCYxQWS2xhkzgAB3Bz6eRM8h+awz5lAghiYDZmNXAlmc4O7A==","mode":420,"size":1011},"README.md":{"checkedAt":1631415840780,"integrity":"sha512-MFJjiYxPs7Aw+TFyd5H6IdaMzAibH5zV7E07TehtmdVjC3OEDgmvc/zMZOjQTNKgCbJG3vkMFd6ZPG5ra1za0Q==","mode":420,"size":239},"src/index.js":{"checkedAt":1631415840780,"integrity":"sha512-GWVDf5iWfQHMC/aZiGqbe3/xwUmAZI4Wqya9n+XSJVczvwcXE26GEt6EwftiRlTzjZRf+bcipvjWbk7cVYE83w==","mode":420,"size":129},"LICENSE-MIT":{"checkedAt":1631415840781,"integrity":"sha512-0ESYkXxGplYvlOttnBf68q3G8260455PNMAvKOgbcVPZKzUynu+JbIUWUY9lEOzQ/8SU7+shxSzLr2wRKOGLUw==","mode":420,"size":1060},"test/index.js":{"checkedAt":1631415840781,"integrity":"sha512-FSBdXw6CAENHsDPEco0pup8CtJi2JdqqYjxrsY+TOaukQ8VUIBPNw3oSVbGwS66ydEzBbAq+YRyxpEqSOobfoA==","mode":420,"size":331}}}