{"name":"xdg-basedir","version":"4.0.0","files":{"license":{"checkedAt":1631415839865,"integrity":"sha512-nIst73auX/5NY2Fmv5Y116vWnNrEv4GaIUX3lpZG05rpXJY2S8EX+fpUS5hRjClCM0VdT2Za9DDHXXB5jdSrEw==","mode":420,"size":1109},"package.json":{"checkedAt":1631415841944,"integrity":"sha512-kdlzPKOUJBQf+UGbQmi3C7En3v+pMoJhc8FhFxvajo2Hqxd94AKXJwC07HmcvIGTEQhFSKDhHkn2FfRqgsSwrg==","mode":420,"size":642},"index.d.ts":{"checkedAt":1631415841945,"integrity":"sha512-1TX4iaCQNJkIV/cXHoB1qo1MxwUG1peCjez1Nnntf858uKEMS+YuJL/WL8RtmnL6QfrUINidsn2nWJkJjG31SA==","mode":420,"size":1566},"index.js":{"checkedAt":1631415841945,"integrity":"sha512-5ZtyisIT7KBpmeFShtjOj75b9Bh2VaUedYemwYCeXwB+/c9+6RSO2+yEUaq8SXd3Zoin7U1O9pZE3z4i3EywRA==","mode":420,"size":801},"readme.md":{"checkedAt":1631415841946,"integrity":"sha512-RcdcWQm2kCEcK+d4Im0jMQotcS53RAK+/+0BBSpsXxJovfxUQquAqJRfnXI7totPfTSTriVXXyl5c6IKhrvoJw==","mode":420,"size":1575}}}