{"name":"ieee754","version":"1.2.1","files":{"LICENSE":{"checkedAt":1631415842369,"integrity":"sha512-pGD4llPOz3J7bgVXzP8YhULGTGMfUjdnxXTRJ9GK7YpCgJyYvmT8z9dlhe2WRyJd+QEmO9YVWlEfUu3KU1nQow==","mode":420,"size":1465},"index.js":{"checkedAt":1631415842369,"integrity":"sha512-BNSSlQMyfxNIqd2tHkjpQjvrbm+tNf7VCtsJXWctFEPpBjGHnr3wKRDUF5Ru2+GcovkLWKuwtLGC3k1nt7Pl+Q==","mode":420,"size":2154},"package.json":{"checkedAt":1631415842369,"integrity":"sha512-NE1/IKLIFUDyrXeiURlyvj3sddwfphVwkdnt4bEnPhfK+sPzVIX9IvnJT+xvI17fpzH1haC8l6tUnpvEhLCkVw==","mode":420,"size":1194},"README.md":{"checkedAt":1631415842369,"integrity":"sha512-dJ+o6WXzDQU2lwq364W7j+YIyNnCcayoCwzASCO9Kw+wEp8ouaor/oefqiS0feeYpcckh/KmJeg7/npqcWB+nA==","mode":420,"size":1651},"index.d.ts":{"checkedAt":1631415842369,"integrity":"sha512-7voCplgxsziB6ecFWU/CsDNC2qAtBV9eOltyaKGgikOlhoy+hb+xUE65KLVrbXmwVkZxAhO5I7OSxm8cArkETg==","mode":420,"size":332}}}