{"name":"koa-body","version":"4.2.0","files":{"LICENSE":{"checkedAt":1631415840632,"integrity":"sha512-9H15UAD2jrFIxnfloZaPUaGly6A5MeQZq7ypw2Wh17hODCqnVIKbHQd0FHltHPrPttFIKWl8bmFtAqWWsJl8zQ==","mode":420,"size":1138},"index.js":{"checkedAt":1631415840642,"integrity":"sha512-pMqJXYqCyU0T4mOccN7rF1mQA3FFomQGQR1w/IajX8IVozGLiS+6UWTGi7AForVvTKvktenmL15zN9W/Wtzszg==","mode":420,"size":6211},"unparsed.js":{"checkedAt":1631415840642,"integrity":"sha512-L4eXGZPJHKEu1JjPtePQfADEk8GIPqvvr+t7eqctS+PkjjT24L6s2EG0lU0Jxy5czjfQuHCQfvdYo8V45jmWMw==","mode":420,"size":275},"package.json":{"checkedAt":1631415840642,"integrity":"sha512-DY6x1J+uZC5LViQTUBPquFe50CFdeWJ2oHezY6jKBdRgfvo+Y4cEG9Lo1NJxfEWHBXdvDvyEA8wdsayfvJcymg==","mode":420,"size":1409},"CHANGELOG.md":{"checkedAt":1631415840643,"integrity":"sha512-HVAp0LvdjF+NqYjtVXjclYSlwK+guEkw4H5n834++NDi+sfbzugMj2wZ0r6FiXEsR5ki3Vm0Bmoa09zLDLq47A==","mode":420,"size":1802},"README.md":{"checkedAt":1631415840644,"integrity":"sha512-mlV0Ci9WpMMIWU2iWLkVyRxgrCueOqmm53zJH4x7haCRbmjuxi9ujssm4Phh/0PugIkbTNnwUCojIzSbxpESQw==","mode":420,"size":7602},"index.d.ts":{"checkedAt":1631415840644,"integrity":"sha512-ryCjYwE3nca6mu8HnaVpYu/Ytdvbdm2XiDx1ZH1HsZECV+E7/QLg2bcTwhgh8LBZMiqUZZD2AIYzORFpUa6zMg==","mode":420,"size":5400}}}