{"name":"latest-version","version":"5.1.0","files":{"license":{"checkedAt":1631415839865,"integrity":"sha512-nIst73auX/5NY2Fmv5Y116vWnNrEv4GaIUX3lpZG05rpXJY2S8EX+fpUS5hRjClCM0VdT2Za9DDHXXB5jdSrEw==","mode":420,"size":1109},"package.json":{"checkedAt":1631415842011,"integrity":"sha512-7hHNA3x4ufd9uEMBoKGYdeYb4a1SmUbzlZw4JtxUlmogiz0B/ubAngVjVv9LYPLM/FN8cstajFP45QzZJL2sSg==","mode":420,"size":710},"index.d.ts":{"checkedAt":1631415842012,"integrity":"sha512-xbOT/2LW+F3jsNOsg6PRjqYIdZD0kXV/kK90Gf5TaBmKsL75mf/pfMpXiAQTO6r8Kjc//nmpE9FBgMpxsvLGMw==","mode":420,"size":981},"index.js":{"checkedAt":1631415842012,"integrity":"sha512-nK5pxnzt9ZPWZh0sR/d7rgQvUC/fEfdJN+QKqgq7H5SgeWVat6tV0uAcC2LjtNE4jwEFBDUPrFqXbhnnFsuTEw==","mode":420,"size":334},"readme.md":{"checkedAt":1631415842012,"integrity":"sha512-ntVT1yFQW9VzRoB3tNRPtttI27OmjKFnlOhi1VPrvBG27JSesWpZkF0t0Jeh6pBTivsBkI3VwkvtOxmXUpdv/w==","mode":420,"size":1158}}}