{"name":"emoji-regex","version":"7.0.3","files":{"package.json":{"checkedAt":1631415841531,"integrity":"sha512-8RUbZWkzyfT4TBrTCa80NpYH8Ua25ipBpIz4oW+lEbP53jep4b21uEEdhaSRkMzERJ89kuHeaFDqvx39+EI3ig==","mode":420,"size":1308},"index.d.ts":{"checkedAt":1631415841532,"integrity":"sha512-zEeZVnWH7Jowug91j9I+zCMIk5WrvqlpLoy8/ctgzIcXjeikLdPY2waHza+o7BWDJEMud5ybR/bMZtXmxQYyHA==","mode":420,"size":100},"index.js":{"checkedAt":1631415841535,"integrity":"sha512-PqF/qjN7YUSqTy101A84f3+xPjby8veS1OsipK+blFdiFdtMcM3Q7TtZSM4o1GfkhqaST92XVVMp8JM1FymeeQ==","mode":420,"size":7391},"LICENSE-MIT.txt":{"checkedAt":1631415841535,"integrity":"sha512-fWtEu2WGJSgbSBlOWj06B0Ur6h8lZQbdFveiGUHvPw0lnhvNDMYgJkK/H9EpvBh+ajkh04LVaNMSvYPzAjl5oA==","mode":420,"size":1077},"text.js":{"checkedAt":1631415841538,"integrity":"sha512-HnVHVnnseoNG/lm185rAYIFT/sKOW7r6+d6sByVRSxGnTl/bdeSVJiSwZck9uNMLV2euIiRxzl1FbPsFhOX7ow==","mode":420,"size":7392},"README.md":{"checkedAt":1631415841539,"integrity":"sha512-NTV7D6O5artV8Et9POSC6psReBYw54/A28httOGpIBFQKFGIheWgpNfUxZYfb6Ub3+1wO16viCE3PZqPvnqSZA==","mode":420,"size":2706},"es2015/index.js":{"checkedAt":1631415841539,"integrity":"sha512-HKb2Qu8K8ZbrYfbvc336pcPiwwWp5G3IWw9dqVM52aoe/f2sVrdpSN4fNKGVoqbk71FdNbsPkUSbDn6VDS1+uw==","mode":420,"size":8143},"es2015/text.js":{"checkedAt":1631415841539,"integrity":"sha512-cksr84TUuWqt4q0DdpqsYr4uph558/1DbdyO0jfCWceV9P0M6g0XteMyMZY8FAhCFg49+V4uopHu8hvlwzO/yQ==","mode":420,"size":8144}}}