{"name":"dotenv","version":"10.0.0","files":{"LICENSE":{"checkedAt":1631415839857,"integrity":"sha512-RY7c8Q9rJcXKtBdkTTU8j29HmXjzmZB4ck38tKyCQmROWbt4XQ+EhJ+vqGiS6EqXX3XRF27f7xVFA+YovDe5BQ==","mode":420,"size":1294},"lib/cli-options.js":{"checkedAt":1631415839857,"integrity":"sha512-QoK3c6M76lNcgG8PJTQbXvb13iPL9jn5RddkZs2lLHCZ+ziv3GHk48bHf9KzcQxTB5fCvPaBJH5f2pszeGUGkQ==","mode":420,"size":303},"config.js":{"checkedAt":1631415839857,"integrity":"sha512-5yxWbAoXTOCge+pQHDyhM+vCe8X+8kWChexTxHDrk0mTDNjYzibnLK8KSawwdeDeTGbPVk6tSAHR3qoLR3Ke/g==","mode":420,"size":189},"lib/env-options.js":{"checkedAt":1631415839857,"integrity":"sha512-LW8MesLvnJGdqguPm09wZdSiWuU5w0wgrA0hpTiS8op/gt2sJR9udjgT8MZH1wf5O3Jrpsbw0BYGDTJl7WtDtA==","mode":420,"size":422},"lib/main.js":{"checkedAt":1631415839858,"integrity":"sha512-ZIfYOSRDifoJhbibdDaT/vG28fRQOBfBgS5oW32H82LAsa/Sxc/dOKeMxsxQeqgm8pO1ojTS/APk95S+yeGFwg==","mode":420,"size":3157},"package.json":{"checkedAt":1631415839858,"integrity":"sha512-4SzQhZ3YLqzWr7/b0XJZ6ua0kCysnIrIKpcqNkvAXYDssWY6BaumaNR9iDv1Wfjm3HYugjtqyO3oMKGKl+oG5A==","mode":420,"size":1245},"types/tsconfig.json":{"checkedAt":1631415839857,"integrity":"sha512-aCzs7DUMvLxgIwyJCWvI+wdmx0ZhtHSgmfIwKrMXlZFvxhSiyu0LQq56nPvKN93IavSfNKhKqxEW+ItLpQnJhg==","mode":420,"size":278},"types/tslint.json":{"checkedAt":1631415839858,"integrity":"sha512-PSgj81dUhDo/vnXkxTYnLt6s6QuqQHJVhim4oV2jXrYPJKDrshBz6QHWOC5dWCpjJLLJf5adYLk8fSaEUyNOOA==","mode":420,"size":103},"CHANGELOG.md":{"checkedAt":1631415839863,"integrity":"sha512-jXeTDQl2x5u3KpDK1dmuUj0XS0qF1p6e3/yAYIfav1x9/Jte8pgSVj0Vh9sN8FDjrVksLbEWMR/LtDN+tJiTdg==","mode":420,"size":5778},"README.md":{"checkedAt":1631415839867,"integrity":"sha512-41KHSc6W6Gc/EGKIsTKzPerSm8UfzxISfS3WXcP1qL8MxbVMKiO+z+dgx2P0kcQAhN1RwwzJDJhF+djOWceEKg==","mode":420,"size":10013},"types/test.ts":{"checkedAt":1631415839869,"integrity":"sha512-aQkSvP+NnEtmWbLVi6DVrCPuqhEJ3kRWF4X+N0G9veeIQoYEUBPqgUquPCZ6QefIyM3xiQAA2NMdLmNVA8850w==","mode":420,"size":461},"types/index.d.ts":{"checkedAt":1631415839869,"integrity":"sha512-J/IsBQZrCLpfjjhbudiCl/X8ExbOUBrh6B28HXp8uBmek5sF8QAALHhYnPPxYOsL8TnMKPrYFhkMCGzvrTvutg==","mode":420,"size":1641}}}