{"name":"graceful-fs","version":"4.2.6","files":{"LICENSE":{"checkedAt":1631415841793,"integrity":"sha512-3sTtLMomOtytuJL989fF6y4sN8E3YNFh7N9TF9tUTGFNG/RRwBW89Sb88zAojt+jA3R8jbqVbQ5YaBpBWffB9Q==","mode":420,"size":781},"clone.js":{"checkedAt":1631415841793,"integrity":"sha512-V/1CyAqNsXJzTKnScDSOspgl5S77BhnVMUkITWzYzbzoFZq8L4mjvBJ6p75E4iO88fQ90PSw3mB97C6AsbWh5A==","mode":420,"size":496},"graceful-fs.js":{"checkedAt":1631415841793,"integrity":"sha512-wu9bFe3M9lgeRdJVXO53WvNhkz1WE+CbvExhF6RRIwDxkYq1pcoKKG+a7AGoogweEKWfUnh4F9X5r5kG1Y23FA==","mode":420,"size":9469},"legacy-streams.js":{"checkedAt":1631415841793,"integrity":"sha512-fJ2pTS2t7K/mDaTHtzmuALFQYQsrXApFRQRTrfkyqFL7ZVEUyycknCHjHCoPZHYFohp/4dBv/3hI6plqNnzZ8g==","mode":420,"size":2655},"polyfills.js":{"checkedAt":1631415841798,"integrity":"sha512-VrHpXhD7Ll3tLGQ4V+OS7ccls5QanfToU6VpAa5lVz5d8bHH7dtbCno8c4riZh7d8p1cKhHL3M1yGkzzinSq6Q==","mode":420,"size":9740},"package.json":{"checkedAt":1631415841798,"integrity":"sha512-QPzfrucm0CFIMP3QeAKvpmzMtyFlVThzQ7HMRdkZUENfs4FsWb8PvUY8iFkdoG8gga54wXjxuClRUIhbmljMXA==","mode":420,"size":988},"README.md":{"checkedAt":1631415841799,"integrity":"sha512-hPoDccoFuGRmg4JBPt8zwtT86bxJDtZQ55OlKIL2uharNWCDVmhfvN5R8YXjMt/sEqNsjq0h1Cf/oYNAw1r4Zw==","mode":420,"size":4454}}}