{"name":"got","version":"11.8.2","files":{"license":{"checkedAt":1631415839865,"integrity":"sha512-nIst73auX/5NY2Fmv5Y116vWnNrEv4GaIUX3lpZG05rpXJY2S8EX+fpUS5hRjClCM0VdT2Za9DDHXXB5jdSrEw==","mode":420,"size":1109},"dist/source/core/calculate-retry-delay.js":{"checkedAt":1631415839865,"integrity":"sha512-g6bCLfpvubtqfh1ykXKcGajXEm4CQ61O9PJags7oYl17BRRi1fiHG2EIqh1DqcD4kd4SVZMm6majqOwnX+pzUA==","mode":420,"size":1123},"dist/source/as-promise/create-rejection.js":{"checkedAt":1631415839865,"integrity":"sha512-9//wrAo1lmNX3AntwYaSLUWt1v/feE9NKAKg5VSOjiXTfAORYWeb0ThO90/y8LLqdqdnI9AMtv/k4WeBkmGtEQ==","mode":420,"size":975},"dist/source/create.js":{"checkedAt":1631415839868,"integrity":"sha512-+wxZZQxrq9cdkJk0q0w4VE/5maKtWBo9CCC/2e8Qpng2cdVEFi7EK/0oxJuv1lfxt9ezNv7hzua3bVHo3CGwmw==","mode":420,"size":9788},"dist/source/utils/deep-freeze.js":{"checkedAt":1631415839869,"integrity":"sha512-+jfETHWCNmnqGBpjTfPvzE25jsx1k09cdkJNqW0yd9eE3LulApCv5jB8JXiZ+lYHd9C3/IN2MC8k/mkgBfrPRw==","mode":420,"size":387},"dist/source/utils/deprecation-warning.js":{"checkedAt":1631415839869,"integrity":"sha512-3S9sF6nfm8GZG2yosJcAV/aKLckyw9exBO3qI7O4oPCxss+kqns2dUK3hTXj/iHoGH5zdtTxYLDdBIKMTXjY2A==","mode":420,"size":365},"dist/source/core/utils/dns-ip-version.js":{"checkedAt":1631415839869,"integrity":"sha512-18TO9V+D02bMSgFKZETpInP4Evj/PyDfoB9j8H/4iJHfjp2oef7p5e/Gawch/v9bZuUESs50cTriBG4UK4IYow==","mode":420,"size":542},"dist/source/core/utils/get-body-size.js":{"checkedAt":1631415839869,"integrity":"sha512-q5x8hJEdSf6zYlZacE+x23EjE6LtHujmdMaDFYOKfIKg0N6imPXyE/Kl5AaZ/5d5cUNxHGLmZcPPDJugPO/9Ew==","mode":420,"size":944},"dist/source/core/utils/get-buffer.js":{"checkedAt":1631415839870,"integrity":"sha512-tur2NJDcDbOTy/Nlk/ygju8+2r1K7rrtlQZyMaQ7r0p89vtJi+as3OqxbhdVu0MU0g6UEPFEF2k73sjHCw7P9A==","mode":420,"size":498},"dist/source/as-promise/index.js":{"checkedAt":1631415839870,"integrity":"sha512-vPl4WdEtdqrxfhd44ySno9aQSE2qCmFHBonKz90i6eETOu76Fh/bDO0dJR6xr6LzEDmq4rpe7GDXAWYNtbcaAg==","mode":420,"size":7949},"dist/source/core/index.js":{"checkedAt":1631415839882,"integrity":"sha512-dSr1ye66CeeWxRAK1ARrAZ4pX2+3W044CenzOb2hNSiqV1lEsTEJkAlPcl6G85JJNCFkdih3AMOvgceQkdQDuQ==","mode":420,"size":63884},"dist/source/index.js":{"checkedAt":1631415839882,"integrity":"sha512-ZDZ3LrNmmwWPQBOQouBjEEW0Nn0hxsWED/w7UElc0cm01GaRNh5POiOGRq/CyOwKWEisI36PUE3hfDP1rrdoGw==","mode":420,"size":4242},"dist/source/core/utils/is-form-data.js":{"checkedAt":1631415839882,"integrity":"sha512-jl+wTrekG/W9eGPlmMWJNxHOmKFBb6c+G/S+XkhPLzYIEHKvFlqR4yp9ygIzfRptQ/17jPeZDY00i69ZZUSP/Q==","mode":420,"size":222},"dist/source/core/utils/is-response-ok.js":{"checkedAt":1631415839882,"integrity":"sha512-7wSaKiDnqEgnHpjmzKeQVNVQN6cX5DHSZJmLrDPCr1+fG0KC3+G3lS35Hk4xGouTK6m2Yhsa+fwGPiW0S6QRlg==","mode":420,"size":355},"dist/source/as-promise/normalize-arguments.js":{"checkedAt":1631415839882,"integrity":"sha512-bJWjLNf9Y3W3Ah5hViK+osB2gPHerTxDg3XwRhYIuuU80Jm/Bq0en1Stn+rgssHOqr2PlnAatIB5ViDngEfhaQ==","mode":420,"size":3252},"dist/source/core/utils/options-to-url.js":{"checkedAt":1631415839886,"integrity":"sha512-bBwdtvT2b8i0I+9rKh2LS3VvSXlqysH1g3ngJvl6RVjgzb2fwQWF0uYeU6nEH0mnhXAXcEsKV+DpOclGlZRoyA==","mode":420,"size":1724},"dist/source/as-promise/parse-body.js":{"checkedAt":1631415839886,"integrity":"sha512-hWk+1K1jAdIn4dLt2jlAUO6tgcNK8569JpXm/4MhmLYXymPuy1+hD00QpHxsXiA+IwMsBqLIiPMGd1nMsbYIEg==","mode":420,"size":794},"dist/source/core/utils/proxy-events.js":{"checkedAt":1631415839886,"integrity":"sha512-wXG6/oP4w/8Q0RIcj76SFiLIN25ck5zGK3p9axTouoCfdxUwjb6czq77YZX9JAyxJ2dsnNUO4epmHxf0BpK6KA==","mode":420,"size":442},"dist/source/core/utils/timed-out.js":{"checkedAt":1631415839887,"integrity":"sha512-FhbwKkaMuRNQ3mBk7mHW3q3Ycz5tYwAV/Jo5opm5yBVes85LbU6dOro+lpGw91+93r77uFRIw/Z2+jldA/iCmQ==","mode":420,"size":4779},"dist/source/as-promise/types.js":{"checkedAt":1631415839887,"integrity":"sha512-FyJpU9XeLuml8I6J2SGyFOdwnshkP9wrVULy0v7JoZuKg9EJMYeaaqo8RDBpWrCDj+52nMw/tZ1ot4JEbF4gZA==","mode":420,"size":1461},"dist/source/types.js":{"checkedAt":1631415839887,"integrity":"sha512-f2XGQDoj2T+xSOglmwEtZVKrO/8Xj0p9ap2c7A9gQp/BiZ45tLyozAivx12afHv9sT/DcspjyF6yKwNV601gAA==","mode":420,"size":77},"dist/source/core/utils/unhandle.js":{"checkedAt":1631415839887,"integrity":"sha512-BuftHVjqdV0w9xjUuVz+rzGe+C+uKdZyQ3FxmOKy0AVVar1JsCoW6mryrYO/pQovFOkhNx7hZPexnb9y7jVLQQ==","mode":420,"size":794},"dist/source/core/utils/url-to-options.js":{"checkedAt":1631415839887,"integrity":"sha512-D5WvAl4ldh7NK+yflQMIo0eg7zjjHaWcl+ivD0Mzqj51MkPybr38DZqKoiDAvMl0ZmDWDjM6v3J3wGQ7dtBXAA==","mode":420,"size":810},"dist/source/core/utils/weakable-map.js":{"checkedAt":1631415839887,"integrity":"sha512-Wzr6M48eL2ydYNrxRkE+o+Y2OaW8E8AX+E6zhfv8Z/20mLwttip2qXQnhygqBvNcN1Cy1gAcOysbLFmAlzlw5A==","mode":420,"size":698},"package.json":{"checkedAt":1631415839887,"integrity":"sha512-zDORnTeRI2oVkjm2dsTeNKhKBVhSTN8tPSG03zjWzQreB4zKKnmLBotGDw2XCw7fZYaxukPaLGEfgp8sYLwJzg==","mode":420,"size":2793},"readme.md":{"checkedAt":1631415840013,"integrity":"sha512-ahBkFpkF5cIRjCZqvzX4/a2OX81gvT2gstOh8j172U3sDjb0t40rCqUIj8OuG4j6SWLr+zfCSGtV+OTQft7chA==","mode":420,"size":85627},"dist/source/core/calculate-retry-delay.d.ts":{"checkedAt":1631415840013,"integrity":"sha512-0xjFqHXF5LqsOUsSLTIH7nahnhoco9f40y+LJUugN3RHSctTHiwHmNeNB88VhwOiGXEc8TbSxt5qaD/Kp7vg4Q==","mode":420,"size":297},"dist/source/as-promise/create-rejection.d.ts":{"checkedAt":1631415840013,"integrity":"sha512-SKWBf+Ij/IAUxeK0GiRkHTAU+NIYKQKqgrpNkUi8DEu8I0iqqscDQEpOasfCTIXVZn954qAG6bnZwPtdEcXxeA==","mode":420,"size":203},"dist/source/create.d.ts":{"checkedAt":1631415840011,"integrity":"sha512-cs1KUv14sOeIaO3mymS6vH65vbGHRkSC2wOYQw9EZbzjOyDO3Vgb/xkQ/dZUrpWPCykcNYsRYL7O7Zn+I/k6EA==","mode":420,"size":227},"dist/source/utils/deep-freeze.d.ts":{"checkedAt":1631415840011,"integrity":"sha512-DNtVjILTaWn2YZl8H8jh4tNiOlSOYQKD0fQQPPPyjZloYlPsFKWrS+Uu6A3am0ySVnmlo8LAc/Y1+KyZiQKwmQ==","mode":420,"size":91},"dist/source/utils/deprecation-warning.d.ts":{"checkedAt":1631415840011,"integrity":"sha512-/yipr7ZNDRK6kXqYlaEW2J3pVzMPS3jmHgPKkyTZEvngPmqnILxR8+ozrRj56Ck6xtegV7seVe/qUHQqDQuX/g==","mode":420,"size":76},"dist/source/core/utils/dns-ip-version.d.ts":{"checkedAt":1631415840014,"integrity":"sha512-rsYZEMThtmK4bH9rhCzDkiRQf46M3gzXKWbpaBSe3+XjpFu7mzS+5LbRPyhffZrtJq00WAKVsaxjFDFta+S0uw==","mode":420,"size":290},"dist/source/core/utils/get-body-size.d.ts":{"checkedAt":1631415840015,"integrity":"sha512-8lyujn7n5culsEpG9n8iM+XnG+7tngJzghAQNLjKbFG/5kgQBq2Kb1kbKIQ775inr2DpOCFxOmd2DSqwX3Z4Kw==","mode":420,"size":178},"dist/source/core/utils/get-buffer.d.ts":{"checkedAt":1631415840015,"integrity":"sha512-w3jQg3Wwbd6WOgMfeJVzIc58BUDU1JPie+7KpZDqPMaTZBRx5gfj5OFSB/N08rfqeOfN9e4WoZXndiox68usrw==","mode":420,"size":156},"dist/source/as-promise/index.d.ts":{"checkedAt":1631415840016,"integrity":"sha512-/K7oyp4iPLBEQDZoxZ1Y9SddVc/vftDlUdzUyC4bZf6blSYQ4P88HuhIFOo8X7+nY96eaEydVH7nb+tHWZasgA==","mode":420,"size":187},"dist/source/core/utils/is-form-data.d.ts":{"checkedAt":1631415840033,"integrity":"sha512-cDfRbxOI5RNX84WcpYCKxpqpeei9tTFBA5tII9ujW9t1oXL45g0HvYgWPPrKDT4RAgZsUWpc192t4+2n29sXww==","mode":420,"size":305},"dist/source/core/utils/proxy-events.d.ts":{"checkedAt":1631415840033,"integrity":"sha512-mxL1q4sAjWlyWwvO32qXXP7mwDZu8gDJ7aHqFVLWLrg4ydsubil2t4Wd82DBMJ0Z6Cbx1YZTT+kHqmqLgpBvsg==","mode":420,"size":164},"dist/source/core/utils/timed-out.d.ts":{"checkedAt":1631415840033,"integrity":"sha512-+lzpupkAfQbvtbjWxXWeLq+Mlu//4Tm2Oyb7CalXUOn4ES+sLAauJ8aqXmbdQ0TLgriwx0AO67ZDhKajk+XrBw==","mode":420,"size":865},"dist/source/index.d.ts":{"checkedAt":1631415840036,"integrity":"sha512-RrxbLRLC2x5ysF3nkkx6Mh/QcIGOKpln1EmD/GJSlzX0aYm0X6KewXQxsL28tlzlVBg+k3H4TMTvOHpAg7PNjw==","mode":420,"size":118},"dist/source/core/utils/is-response-ok.d.ts":{"checkedAt":1631415840036,"integrity":"sha512-Tf3AAeWdEfJdYsM9CO4F97KdRYoMDxo3C7WzxJsly+CMJU1k0K/MwYdGhVylylLIl2Ja72TI8Roz12jCQoWAHw==","mode":420,"size":99},"dist/source/as-promise/normalize-arguments.d.ts":{"checkedAt":1631415840036,"integrity":"sha512-U+Cg/FcAWe9Hde96UmcwIzOW8CTtGeaq9f/WlPSHUwwWV9nBs1Df8/X0uaqgGqbhF9RvtW9jaMGdr2hK5bY2uQ==","mode":420,"size":208},"dist/source/as-promise/parse-body.d.ts":{"checkedAt":1631415840037,"integrity":"sha512-xQfLsCsLO6+C9GHehT/OHcDl5/9xXt8JAdSqJUuOdj8OQ81UZs4vK493B/DcBbhevp9RL1KbnsbMP/Wc1DgW6g==","mode":420,"size":334},"dist/source/core/index.d.ts":{"checkedAt":1631415840039,"integrity":"sha512-ky+Cv2QgCjklBINqKx1kCQIJ2rewDBGcdEj7+uouv/Yie4Jw9dwU5Q0F4qK7Q1IabTxnioQuXljb0my2YsuL7A==","mode":420,"size":42790},"dist/source/core/utils/options-to-url.d.ts":{"checkedAt":1631415840039,"integrity":"sha512-RohBiR+9msda0+7sD+dv5QEyBOlHRPhPOH/SIPfpMO8mKEvD/61v1pmuozmnO7oQdgxon2og0XmVHrVuxQzong==","mode":420,"size":357},"dist/source/as-promise/types.d.ts":{"checkedAt":1631415840041,"integrity":"sha512-od/KVuML7VaZxha5cvLHSgeZcUkPHtWkqOvaSIIn8MORYf/dy1T2jXm0+16GxvIcbjJYvZeDK/B/Kpj/nEzfmg==","mode":420,"size":9466},"dist/source/types.d.ts":{"checkedAt":1631415840042,"integrity":"sha512-boCg5gZn87D7+oZp9qFBg1Aes5l2TAWd8vP460lulQR94Yd3H2pF9GMtNkXdn1dZ4nQjpYWUYW+Id8LjVYt/QQ==","mode":420,"size":13350},"dist/source/core/utils/url-to-options.d.ts":{"checkedAt":1631415840042,"integrity":"sha512-AZbNVWnw3Dt2gG6DSP9/lACtGCqipTG30LXyvWYCS3ZESsr7ULcL5jH10Qk0LBiRnTky7K5P/OXIbu+8jO5Aow==","mode":420,"size":397},"dist/source/core/utils/weakable-map.d.ts":{"checkedAt":1631415840042,"integrity":"sha512-r2+1Sey38VtGLV5qa3JLpV/Fp2zcmPcggLACZrwpEXS8vUTnPzwAVHj/jR70mz/Gh8rdiPE+1SnuW92S6FTjJQ==","mode":420,"size":223},"dist/source/core/utils/unhandle.d.ts":{"checkedAt":1631415840045,"integrity":"sha512-ydhVuWjIJ46DrGNxI9ezVxB7yvDzl+THy6oy/GTYfJAMj8CjAiURCUv0KRqv+dMgHrowVY/X3sFMsnGGhkDBwA==","mode":420,"size":365}}}