{"name":"string-width","version":"4.2.2","files":{"license":{"checkedAt":1631415839865,"integrity":"sha512-nIst73auX/5NY2Fmv5Y116vWnNrEv4GaIUX3lpZG05rpXJY2S8EX+fpUS5hRjClCM0VdT2Za9DDHXXB5jdSrEw==","mode":420,"size":1109},"index.js":{"checkedAt":1631415841686,"integrity":"sha512-8K0p/JnLN557yymVwYpV2pramFJFbo2nUuzGeeDK89D5idVYul8EG7ArwC+4iowviufxpSSioEG1TsVjfHHBIQ==","mode":420,"size":923},"package.json":{"checkedAt":1631415841686,"integrity":"sha512-r8nJoNiN/W74ZYiEDOaBx+aRqMiFDR61nn+dzkxi/DjhvIW4kXCc8n0KutyJVqj7L88BW1vu80NtTvuzG3hS+Q==","mode":420,"size":941},"readme.md":{"checkedAt":1631415841687,"integrity":"sha512-bQhgcN8/iOJdRcgspTTFsjeElzfqZ1KCzULTF8ppshMa+p7QF3FZNQ16xvqcm9vZU6TbEz7gLySFIRgtjBfusg==","mode":420,"size":1396},"index.d.ts":{"checkedAt":1631415841687,"integrity":"sha512-qvL60DCqLB3SS59BasyEV7fR8EqUL/i8Jv1Inc7yCCIMpfvoaDxHJSBfOw7CUbTqkSV5kfmQ/LQG3RUDHA7FYA==","mode":420,"size":792}}}