{"name":"mime-types","version":"2.1.31","files":{"LICENSE":{"checkedAt":1631415840244,"integrity":"sha512-oaKT6wCX/oeHXzv5CMwLDujxXplcaOmEtqJOJHsulUQH15QeqWq9f+ACob37cT/fsNODnZSKM0YD8F5kSCn2Bg==","mode":420,"size":1167},"index.js":{"checkedAt":1631415840252,"integrity":"sha512-wkid43nvph1ozqfx1M5AWTpIqG9iyL4doJmkRi3wcFwyTOImCxmY6b3klNKoFYxg11F76ESNJyUjedZ12Zrhvg==","mode":420,"size":3663},"package.json":{"checkedAt":1631415840253,"integrity":"sha512-nMdBa2ZpcO+H/4KlS0ZlxVmq0b97gp7vR9ObONMUitZ9EImlnsTCcD/l06iwFfjlrULWQQN4KDJaW9bGLWTCag==","mode":420,"size":1149},"HISTORY.md":{"checkedAt":1631415840253,"integrity":"sha512-LpBMCmSklf5ccCSNC2yi1m+lEe8ZJJ87ifrYlheDCyW/ZSTrBSZgSc/Zmw4VkwvH57Qxw6h/k1h9HyqPCDtaiA==","mode":420,"size":8265},"README.md":{"checkedAt":1631415840258,"integrity":"sha512-yypWJOs3R8XFtfF+KDmC6i6NVfZG4utSHUykllcpaSO2eoyLV1u7pgfSYw6RmC48Yq6XUZzuY7fIIPZtoN0XFg==","mode":420,"size":3484}}}