{"name":"@szmarczak/http-timer","version":"1.1.2","files":{"package.json":{"checkedAt":1631415842149,"integrity":"sha512-xy+yZEcGLyr+m+NjF0GeenjJHgv46djYkhDNMej1OIZpVSAfEcgLIwl3azEEKjPB5S/887daVNCBDJHtqjRF3Q==","mode":511,"size":889},"LICENSE":{"checkedAt":1631415842149,"integrity":"sha512-JlwLnLfjTqY4Uaa/DaAs09pb6yg5t5vexyYHsmpa6w80qBLzeUHXfGkvn5eZpwbecE9ByeDzYLjUDbudC0FkgQ==","mode":511,"size":1071},"README.md":{"checkedAt":1631415842150,"integrity":"sha512-0ppufHiuo8FdOTvnHMyxquj8tXAC+x4C0VAVDkVK935JANfBj27YRB/OGGQQTdwQfduzqIuYUy3x9iuV0s7emA==","mode":511,"size":2241},"source/index.js":{"checkedAt":1631415842150,"integrity":"sha512-U7yDG8QldLx/9nayooPyLp8zSjcq4v4W0CbpBXxMGrI6xh0NK440JCmjB0rsYKQTiZ9hE7JK1XAthkuIPVR2mA==","mode":511,"size":2095}}}