{"name":"side-channel","version":"1.0.4","files":{".eslintignore":{"checkedAt":1631415840539,"integrity":"sha512-VLhEcqup3IHXtZJPt07ZYoA9JNRjy1jhU/NU41Yw4E8mEyea/z+6bw5hL3lhCO09pji9E0BH2Q3aDXdc3i9zBg==","mode":420,"size":10},".eslintrc":{"checkedAt":1631415840708,"integrity":"sha512-6vnT57j0mLIaXVdHD6uDCtSv7KpYsQjcXbOPMbkR1M6mv74gUOd4RfuHrHYOQZXhivPPZEjngl+9uBQLxsF0Eg==","mode":420,"size":172},".nycrc":{"checkedAt":1631415840708,"integrity":"sha512-42sgwWzusJB1Dzhl78jX/Zg65Oi0HDDMOGXS/Uklv1kCYn4fHtRsD/JFPwdu+d40vome9XdUspzRWEQAcTGEeQ==","mode":420,"size":216},"LICENSE":{"checkedAt":1631415840712,"integrity":"sha512-d2fjYr50p8QKjqC0qhH5nWv3sgAsKHHicw91kVzLPCZ54cpPIRw8zJk+nn45Y6q/yJ/T/xdxK77zBLuAvFgmVg==","mode":420,"size":1071},"index.js":{"checkedAt":1631415840717,"integrity":"sha512-gGnTsx8rE3fuYaILy9tllzR+v36MH23mDM08AlSCsnW4644fOaj4aUTYWNZ1bX4b6b5UWtdGlZ7jALhoMDWxjw==","mode":420,"size":3391},"test/index.js":{"checkedAt":1631415840717,"integrity":"sha512-RxdKPgpm0riJ9Numvb1j708aqbdbFyAL5C6zcIlhuaIcAv+u1YfYYO6zJCMAesLESnPuoq8TCIYYyHQ71L38hQ==","mode":420,"size":1741},"package.json":{"checkedAt":1631415840717,"integrity":"sha512-7zMsHOtZCYm/BPOUm2SWyvCSQzPaTPKfMBOG/AWpWfbGDeUdQhizbGKgJMZN1Se3Nd8YZo6L/Mli3w0Ta78hBA==","mode":420,"size":1676},"CHANGELOG.md":{"checkedAt":1631415840728,"integrity":"sha512-movJ+SBfd/IKZGd3qb4aTb6DiE3dOxKofKzHmqvbo7TtuMQwUPnFUhSm3wi95ExNN0SS7KUdiogggnXFnYWDig==","mode":420,"size":5607},"README.md":{"checkedAt":1631415840728,"integrity":"sha512-m1pjnTNpwG3mUmYKIM7zNGUUxXZsiWEnUl0EeSNYyYyYFKquGBZ72qPveE9We0Dc6Y/aIQhqGFt/Iyv9tcY6qQ==","mode":420,"size":98},".github/FUNDING.yml":{"checkedAt":1631415840728,"integrity":"sha512-7IEnqQnyNBUIX+KD0VuiTJRa9sniQ2i+upj2EzbrYgbo3rGzycFyDG0BSIsB2sN4YjYVUy+8zNTkpbEpZtSCXQ==","mode":420,"size":583}}}