{"name":"any-promise","version":"1.3.0","files":{"package.json":{"checkedAt":1631415840565,"integrity":"sha512-us83txX2KBYtzOcOqi3iwzx5aClqyFN9CehmP7/SywHk5r2+M8MxLmzCGYy2WVFNxmaHhukPpDQt0Kal6Axy6Q==","mode":436,"size":1017},".npmignore":{"checkedAt":1631415840565,"integrity":"sha512-w6EHpobg5CXoq1jIx7yvJvbfexnPp3q6/NbCmL/mVAALIzYOwgxvMs3zKJEtL4T8yRILSvBMOtZ/pw7FgiIi8g==","mode":436,"size":60},"README.md":{"checkedAt":1631415840568,"integrity":"sha512-WOM0UJNlDS3t8dwHY5TCdWFiSivEdnByRzpgDBXkV05YgsLyl9N4hVIKnZCjMGVEgxCMQPza3kEB9hSgDvVacQ==","mode":436,"size":7066},"LICENSE":{"checkedAt":1631415840568,"integrity":"sha512-sSdr2yQ3RYYKc0R4Gc5jYxIeu1QohYGI8UsvVJxsLWchLDsRJtwGUCqp+WkLjKII/8ZgxxT+lgFwuQCn0HYB0w==","mode":436,"size":1060},"index.js":{"checkedAt":1631415840568,"integrity":"sha512-qBeDxcayOVsfnhTeLdkLU/lvPgQtrKuuyEhdPCrjAG+sBpPDZ97SEOsQCgOp2NMClT3F/5CteS3GPr/jKOiL2w==","mode":436,"size":49},"implementation.js":{"checkedAt":1631415840568,"integrity":"sha512-izwZTLIcvfrU+q9DrNMwbstHxNqzdHhTNCfn2kgtNLAY3is4+bSPY4Hr1lkWiOV590R6uUsXBunLLPIfHiZ4zQ==","mode":436,"size":56},"loader.js":{"checkedAt":1631415840568,"integrity":"sha512-jLiCt+Jf/Y33dUTLYZKpHRr2nBKM9cfZ5fzjq1l2tSz8jlKcvim/gDW9wts1nFewlW2HWQm3O6bCLfiU3IWctg==","mode":436,"size":2581},"optional.js":{"checkedAt":1631415840568,"integrity":"sha512-GvS/Pzba99e8/5GoNwzA2iuN5z5aPKKbgUKTu14hBKnUngYDxoQiM3E1J44JQCwKV8qpiJ4007rPUlyMj2Afgg==","mode":436,"size":118},"register-shim.js":{"checkedAt":1631415840568,"integrity":"sha512-CcRtLDS+nXbCl56HDs4Se7DS6dyc3o9v962to9No5F+EPqaLK3Fif/Bn5/0H+Fc19iOuIOCMCZ9XvQSHD+ovuQ==","mode":436,"size":545},"register.js":{"checkedAt":1631415840582,"integrity":"sha512-60+wazCkMW4tEbR+C7JvDC8ZRLdVYWlHP4st8SKY4ce99UrU4IOLSJhRR21bMp/B7Oe7sZMJD8whcxNHcD8/Bg==","mode":436,"size":2910},"implementation.d.ts":{"checkedAt":1631415840582,"integrity":"sha512-PIYQ4Jsmcr41tHRyqo7uuHCZG/YJXjSc50vadDlE2LRsejFDRitj1Oyjc60/bx/tuwQZ3ToWMbY706y8XUucnw==","mode":436,"size":62},"register/es6-promise.js":{"checkedAt":1631415840582,"integrity":"sha512-y6Yz4rl4WMtOt7GuBYCX7GRvmxvnX/miVlOw+y5JHDqXpFK0EiLc8jOMyeLMi+J98/e8pTOw76vVrAr2UVYIJA==","mode":436,"size":95},"register/lie.js":{"checkedAt":1631415840582,"integrity":"sha512-Mw9JaqloE5wcOyyULhTXTM16aq2oQgdM0JuIV2HXVwQXRBk5AMrZYsO4cV/cSqlReQwhupzmmeAxRx4UOLA+xQ==","mode":436,"size":71},"register/native-promise-only.js":{"checkedAt":1631415840582,"integrity":"sha512-m305Cto3qxliieFLiJ1PF+vCMnBMhG8x2kYVxau8lhL/+hD7NOymgbpK4k1PYPlzl2U5tY4/iKr2RxIIUkFATw==","mode":436,"size":103},"register/pinkie.js":{"checkedAt":1631415840582,"integrity":"sha512-fr7f/p80YJ5uASNM+bCYgxQHe6L5hcSmd2w/K2v3MPqWfIf2h5giNYBh73vmvVZ8qXgUUGWylBiby3rH7FpNAw==","mode":436,"size":77},"register/bluebird.js":{"checkedAt":1631415840582,"integrity":"sha512-E+fdjEDaJtnrYHfbyNEVyY0VDI6mr32UW75AHsa1KQbsSIxUK27Tlodst6+cParjcLXsHGEGuifzH/3IQytWkg==","mode":436,"size":81},"register/promise.js":{"checkedAt":1631415840583,"integrity":"sha512-4S/nsd0aRYjsizml180ZzhWVu8CyP/Lg//THJvk/98ZWMIIbDRh/notXMXKVQSoLGnxzAdx4yO1Ygl6D9WBebA==","mode":436,"size":79},"register/q.js":{"checkedAt":1631415840583,"integrity":"sha512-4nI85EULnngnIEX2heiO13s9Y+JubsWyUErO/+aTn/rFfi8TM7LKcdwToHC/dUH6NnZ+8hlowzp2XR/p/ktRfQ==","mode":436,"size":75},"register/rsvp.js":{"checkedAt":1631415840583,"integrity":"sha512-FOehDsjPexpz0Plto/5pryF7y70m0931iP4KziHqPeUJclz9VZkfbpwwLWGOrE5ArJMdpOpV32C2ELB3L5PhTA==","mode":436,"size":81},"register/vow.js":{"checkedAt":1631415840583,"integrity":"sha512-4ejH8x6NN3aWcGWkkz2KfiJPr9zlqXZFdbIdLQpIxNUp1GMm/6dsAgr1jrbM/uF54ihK3kiIyZD3m6fCioRfYg==","mode":436,"size":79},"register/es6-promise.d.ts":{"checkedAt":1631415840583,"integrity":"sha512-u//3rNEmSdy6pkyVJeSYCLPCFGCWNbCqIsNeWyG5I6lTXADsqrvEv9T+VJGxWOn2oifPHjXHKN1NYGz2B16bNA==","mode":436,"size":10},"register/native-promise-only.d.ts":{"checkedAt":1631415840583,"integrity":"sha512-u//3rNEmSdy6pkyVJeSYCLPCFGCWNbCqIsNeWyG5I6lTXADsqrvEv9T+VJGxWOn2oifPHjXHKN1NYGz2B16bNA==","mode":436,"size":10},"register/q.d.ts":{"checkedAt":1631415840583,"integrity":"sha512-u//3rNEmSdy6pkyVJeSYCLPCFGCWNbCqIsNeWyG5I6lTXADsqrvEv9T+VJGxWOn2oifPHjXHKN1NYGz2B16bNA==","mode":436,"size":10},"register/bluebird.d.ts":{"checkedAt":1631415840583,"integrity":"sha512-u//3rNEmSdy6pkyVJeSYCLPCFGCWNbCqIsNeWyG5I6lTXADsqrvEv9T+VJGxWOn2oifPHjXHKN1NYGz2B16bNA==","mode":436,"size":10},"register/rsvp.d.ts":{"checkedAt":1631415840583,"integrity":"sha512-u//3rNEmSdy6pkyVJeSYCLPCFGCWNbCqIsNeWyG5I6lTXADsqrvEv9T+VJGxWOn2oifPHjXHKN1NYGz2B16bNA==","mode":436,"size":10},"register/pinkie.d.ts":{"checkedAt":1631415840583,"integrity":"sha512-u//3rNEmSdy6pkyVJeSYCLPCFGCWNbCqIsNeWyG5I6lTXADsqrvEv9T+VJGxWOn2oifPHjXHKN1NYGz2B16bNA==","mode":436,"size":10},"register/vow.d.ts":{"checkedAt":1631415840583,"integrity":"sha512-u//3rNEmSdy6pkyVJeSYCLPCFGCWNbCqIsNeWyG5I6lTXADsqrvEv9T+VJGxWOn2oifPHjXHKN1NYGz2B16bNA==","mode":436,"size":10},"register/lie.d.ts":{"checkedAt":1631415840583,"integrity":"sha512-u//3rNEmSdy6pkyVJeSYCLPCFGCWNbCqIsNeWyG5I6lTXADsqrvEv9T+VJGxWOn2oifPHjXHKN1NYGz2B16bNA==","mode":436,"size":10},"register/when.d.ts":{"checkedAt":1631415840583,"integrity":"sha512-u//3rNEmSdy6pkyVJeSYCLPCFGCWNbCqIsNeWyG5I6lTXADsqrvEv9T+VJGxWOn2oifPHjXHKN1NYGz2B16bNA==","mode":436,"size":10},"register/promise.d.ts":{"checkedAt":1631415840583,"integrity":"sha512-u//3rNEmSdy6pkyVJeSYCLPCFGCWNbCqIsNeWyG5I6lTXADsqrvEv9T+VJGxWOn2oifPHjXHKN1NYGz2B16bNA==","mode":436,"size":10},".jshintrc":{"checkedAt":1631415840583,"integrity":"sha512-NCJRHNMfBvqfheF2/sggiuM3tHsdugLlCMH9SEJm8V/G/A0oCBuKjqJF3mAdibA2gPPuFmV3xNKocs5jq4fg7Q==","mode":436,"size":35},"register/when.js":{"checkedAt":1631415840583,"integrity":"sha512-pSyarnNfcZ5lssgfc5Ta6KmNt3e0MwkI8EohyjIqByhQczmretI+bhmVJ3lPBLa5QK2L0pjvVQvSSAweXc3j3g==","mode":436,"size":81},"register.d.ts":{"checkedAt":1631415840585,"integrity":"sha512-C026GVDEBJFTY7NMRfmekNTWMGvQ06/wAcIzl0rHzIoCYKtqPyS9mXJrw7rBxeCqL9oTVZfxZF/TMUOoqOwNtA==","mode":436,"size":362},"index.d.ts":{"checkedAt":1631415840586,"integrity":"sha512-hEs6oh2EkLIjmZxvl1KOSRjo0NzuXG7J/8YerhdS/Jt0CxNL8GSvM6o2zGG96yvCg3m8Q3yM2RYys80xpLmE6w==","mode":436,"size":5352}}}