{"name":"has-flag","version":"3.0.0","files":{"license":{"checkedAt":1631415839865,"integrity":"sha512-nIst73auX/5NY2Fmv5Y116vWnNrEv4GaIUX3lpZG05rpXJY2S8EX+fpUS5hRjClCM0VdT2Za9DDHXXB5jdSrEw==","mode":420,"size":1109},"package.json":{"checkedAt":1631415841439,"integrity":"sha512-/4c227BQgxdNMqRGAKs5ZWajLlWzdWTbb29HfAw2QJHgDOvNMJJIES2+DWThxZq5F8K81nWIbbJZPpDYOe3T8g==","mode":420,"size":710},"index.js":{"checkedAt":1631415841439,"integrity":"sha512-1C/aTMo0p3uwKhg/nNeUUsAzdj0a8PARrfGUmVld1XpKYNBUT1aSAZjva4nBKYAeTUtPcPYckQOTBfqQ6RVeCA==","mode":420,"size":320},"readme.md":{"checkedAt":1631415841439,"integrity":"sha512-GOYoNB1ifrHjGzqR+wjI9MF8XN6jn9ushJ94zsmVCvxM9XR9wk9wg9CPke7+aYufRdIML1LNgplWnxSUEF6o1w==","mode":420,"size":986}}}