{"name":"core-util-is","version":"1.0.2","files":{"package.json":{"checkedAt":1631415841052,"integrity":"sha512-EHKYqD8fftDUqiU76LYcviXV7wYiRx/M6aHhJEV1pG1/2ZmIlr0+iMUFvANuiMeNbdVccjv7x7n8s9VcTDsBbg==","mode":420,"size":651},"README.md":{"checkedAt":1631415841052,"integrity":"sha512-Rfy4s8YR+FWRhTFt90bGa4QgrCDDGgw5p/V0/mH0sAQRrkXong8Ed4jLXNG30HxX3x4VPMsKlrssWE0UdVDWsg==","mode":420,"size":67},"LICENSE":{"checkedAt":1631415841052,"integrity":"sha512-F2nx5/GPS+f3WkNqGjhRfdUVQivBOjRWdWH0MZK1fjrtbnmXB8ENEHKyKN74MWebsRFcFON4dYPl7BJHq+wM3w==","mode":420,"size":1077},"test.js":{"checkedAt":1631415841052,"integrity":"sha512-Ur31pCM0cFNDt6zXM2LxHBHZXQYPgvB3yB1qDNXxaO83ZX8OSK5xVsoDrmB4zIivB9IdFI1WYnU1g7aE/Zkt4A==","mode":420,"size":2101},"float.patch":{"checkedAt":1631415841061,"integrity":"sha512-cXRcykjcG/nA9eQeI3LfVvtCFTGmr2di/tcdv0Wk8lI0rmIrzbaV8Ly1o5FwHasDK+q9pkguYKqpUtoSWOo+ug==","mode":420,"size":16278},"lib/util.js":{"checkedAt":1631415841061,"integrity":"sha512-06+LNZKAvLh12cfx+fscgDzdCHg38+IQ9NfeNmKI5aIJoHIWKqqKSD2MIkH21lUH7UBezMpd2nEQBBFM5e+eug==","mode":420,"size":3021}}}