{"name":"is-yarn-global","version":"0.3.0","files":{"package.json":{"checkedAt":1631415841991,"integrity":"sha512-uW1dYX2IsPWn7qDQooWt2+D5pLWBx/Rosy57rT1U3rkqdYe4KJG8g5jUIoLaYNyTK8N6itryAfiZ0WtYe9YRCA==","mode":420,"size":366},".travis.yml":{"checkedAt":1631415841991,"integrity":"sha512-b+sAjudHYxlKPLpFXR+MIQAP2Lby8P/honGmaGS4Uo4WpcfXy3PQqEGIyPSxE/TDZqIkqiSVDYWBsSYZTkQjGA==","mode":420,"size":43},"index.js":{"checkedAt":1631415841991,"integrity":"sha512-lLR8zDH2DIrAULfaMQFTsiNIfT26o9helCH1s+hr/wJGJxHEZZdVQlJ6+be6EUQeE2RbL4yBZAzSPNBP2nBOzA==","mode":420,"size":309},"LICENSE":{"checkedAt":1631415841991,"integrity":"sha512-HcGOlF/azX/0TdtJniWX9QD5pPJrDJRLTOCoOt3J5pq5YzB15RKgYYBnw4CJT4xF8G6Mf855S+Ww7Zqer1pTBA==","mode":420,"size":1065},"README.md":{"checkedAt":1631415841991,"integrity":"sha512-y9rGXuZeIrwi9BYv+EF+CtruwHbUljo6CRPENIGVfcogRaKaw6QMHVsEMWKEecpe7kKUfobITtWRFIPXdNIj2Q==","mode":420,"size":769}}}