{"name":"make-dir","version":"3.1.0","files":{"license":{"checkedAt":1631415839865,"integrity":"sha512-nIst73auX/5NY2Fmv5Y116vWnNrEv4GaIUX3lpZG05rpXJY2S8EX+fpUS5hRjClCM0VdT2Za9DDHXXB5jdSrEw==","mode":420,"size":1109},"index.js":{"checkedAt":1631415841810,"integrity":"sha512-tEZIa3zGG/Dr0oOEUaImWifdDe+0mGJa3DsBy/YSURN4/6dAywktUyq1e98CocvTTOLtnRvNK1Wh2qVIBhXDng==","mode":420,"size":3124},"package.json":{"checkedAt":1631415841810,"integrity":"sha512-TkZ9+SAJXS8+KLwAhHvQUWgZbeZ2l0g33jZnFPIui+iNONPqW5liGScXeKTbiqKWpvYfcftze0O4kapInTrpIQ==","mode":420,"size":1051},"readme.md":{"checkedAt":1631415841810,"integrity":"sha512-EIJlOl3oaNqH6Lh84GTc1iMpONQz4b0o9CPrr9pHvOewCQxzX/hMgm2E7OzEIBlLPqSTs8ikbLsIZ8ztQem8oQ==","mode":420,"size":3224},"index.d.ts":{"checkedAt":1631415841811,"integrity":"sha512-3s8HVMf7oh54DcQgkXBwTPbrBzXY1BHRUXF3QUaeqdwM26a1sEKUIwE2nE8HmsUfJ72KBY7ik3IS+U7X4CapbQ==","mode":420,"size":1534}}}