{"name":"depd","version":"2.0.0","files":{"lib/browser/index.js":{"checkedAt":1631415839780,"integrity":"sha512-WEiyjdqsGvldZY0RCujBjTCQRCBrBmxXVwXg+LdfSpGP5pLl+Qu6b+KxxO+DRMcJbE9+LOh/f7FTe1XgSJ11sw==","mode":420,"size":1512},"package.json":{"checkedAt":1631415840373,"integrity":"sha512-e91yWby415qkF3fwPTo/iim2DC0lEEBy7bqf6+uBPhLveNMVc2N3At7N26qX2P7CY7xBO9J91mDe0X1kRFjLwg==","mode":420,"size":1335},"History.md":{"checkedAt":1631415840374,"integrity":"sha512-ubxQGDs2N/R4y7eLHYj9rHbCls3HPIgpYQrJnDFoI54kImyCaIRY7a1ZhyUlXkE/BbQt1/oaJfQbXUGtledwLQ==","mode":420,"size":2256},"LICENSE":{"checkedAt":1631415840375,"integrity":"sha512-F1WWYJyRdnoQHWsQUd6RVjaVuSJFtcS9CiukzCTvKPBIDqInWHjlZvwI0gPRglRffMfr+wiWbLprq+1REu3bvQ==","mode":420,"size":1094},"Readme.md":{"checkedAt":1631415840375,"integrity":"sha512-2bB1U8HF/FBXMtFDW4Gsy/5dFkco/Qx+oOF5WCvG9PudpwR+EZRo5kMZA92oVk1KJmCM36teL3NE0vVqJbAhrQ==","mode":420,"size":9988},"index.js":{"checkedAt":1631415840375,"integrity":"sha512-6hrZvPCac6EN0f2KZtqsEvh3JeFq0n577/bZ/ak3V5l2zV1+1kOcQSKxYXjD/99BDWx6VJGPlLyY+nlQrfO9VA==","mode":420,"size":10932}}}