{"name":"set-blocking","version":"2.0.0","files":{"LICENSE.txt":{"checkedAt":1631415842631,"integrity":"sha512-EToPsaeTn1m/hKKaWONJhwqjvIWvra5CjWMax+yCWLrIN1/jFSLwPkhN68ViQwYDuut9KCVnGRQKJuxayn6RBA==","mode":420,"size":731},"package.json":{"checkedAt":1631415842843,"integrity":"sha512-RLfxNL1RAbg7mXt7sE3OhjzQQXBKXgqhuOj80m5OIwqnhbalkIZ9tkfci8GHVypUN6NgPGZn99BaUPdv85R5vA==","mode":420,"size":985},"README.md":{"checkedAt":1631415842843,"integrity":"sha512-ekNSPBwfdkq97L4xDZYWyLD6JirfeFis6XoX/vaBb0v3m6gw65X/Wl0nw/Mbt1eDoT+szH+tDS/tDw6hyosUHQ==","mode":420,"size":1538},"index.js":{"checkedAt":1631415842843,"integrity":"sha512-f1IpiN5OdmUpWTYArcaUJVGkSpMz2PmIwnKZ8Ct+Y+OHc7OtPXO4BxNe8aWQPov/IjhF2JCP4AKORg3qgHWtFA==","mode":420,"size":252},"CHANGELOG.md":{"checkedAt":1631415842843,"integrity":"sha512-Xx9DKRGcW7ij0UjlHGugLpK4t4MSOOZREfv/IQVo+f/qyKG+2IL+eGmIluwZwtfXw6MpdR9gZ/J3f4xjXNu+gg==","mode":420,"size":718}}}