{"name":"p-cancelable","version":"1.1.0","files":{"package.json":{"checkedAt":1631415842191,"integrity":"sha512-VTjW+8asM6ZKKCnj/yFV3PCrzSdqKZ4+zcZ4fyKKnUdfNRmE6txwZlql0Vg+Jp1IlOoijCZ5tRRw6gH2kkUa4Q==","mode":420,"size":821},"index.d.ts":{"checkedAt":1631415842191,"integrity":"sha512-nMrbKwIz8qpeOy5SB36QEednkZ18zALV1syjFPySkJG/Kw9HsaHZxjU5DpYKE6nRCoTW1x10woUdzmN1gUya7g==","mode":420,"size":4564},"index.js":{"checkedAt":1631415842191,"integrity":"sha512-Qnr2EPeGuF6gHc+pH5oQmJX2NIaKnkP5qA7PXAE6GuhgC7OB9srvqD7Eikf4wppvjjlUow6hQqb10mg3sNSVUQ==","mode":420,"size":1927},"license":{"checkedAt":1631415839865,"integrity":"sha512-nIst73auX/5NY2Fmv5Y116vWnNrEv4GaIUX3lpZG05rpXJY2S8EX+fpUS5hRjClCM0VdT2Za9DDHXXB5jdSrEw==","mode":420,"size":1109},"readme.md":{"checkedAt":1631415842192,"integrity":"sha512-4yq8YWRUeYfxrj+BU3s47ZK5NXt1u7wYXuaobnWgiC4CbhlNXk7sNsW2nLYDicKD59E/typCsgsPH8cw8+oD8w==","mode":420,"size":4094}}}