{"name":"url-parse-lax","version":"3.0.0","files":{"license":{"checkedAt":1631415839865,"integrity":"sha512-nIst73auX/5NY2Fmv5Y116vWnNrEv4GaIUX3lpZG05rpXJY2S8EX+fpUS5hRjClCM0VdT2Za9DDHXXB5jdSrEw==","mode":420,"size":1109},"package.json":{"checkedAt":1631415842180,"integrity":"sha512-qEa9bON9S70u9eqHJOVkqvm/hoF/44CzvZjIO+qUqjLbSi/3H23x7m4GanS7lNY+xT3clZ0gjH40klO1LjA8Tg==","mode":420,"size":716},"index.js":{"checkedAt":1631415842180,"integrity":"sha512-ey/2SLhO19mgy+xAzr164IhtnquespI9qHKBnUu/AgOYalcE7RzUAZGApJU7Tiv0M3rd+j06+L7UBh0fL1b6ag==","mode":420,"size":376},"readme.md":{"checkedAt":1631415842180,"integrity":"sha512-si4eVQGkcYAtQiz9FSdhj1u3xl6SytPynahnCvaydOSJEl/25rT5dvQg6Woo8mtFfOV/3dp72YRp3yhhZFEzYw==","mode":420,"size":2030}}}