{"name":"path-exists","version":"3.0.0","files":{"license":{"checkedAt":1631415841163,"integrity":"sha512-rnnnpCCaRRrva3j3sLiBcOeiIzUSasNFUiv06v4IGNpYZarhUHxdwCJO+FRUjHId+ahDcYIvNtUMvNl/qUbu6Q==","mode":420,"size":1119},"package.json":{"checkedAt":1631415842597,"integrity":"sha512-MCitVPBfZYkzyM3cdivfoI78tKg0Re41UvMiDj75vt4yDp17A7wg4jnUHmkawVWOibOfbMDaPdp06IIfUTA7ag==","mode":420,"size":641},"index.js":{"checkedAt":1631415842597,"integrity":"sha512-oL9IsEHDmEMdHvoOsMrRyVMzm1qIOgY/2i+iM/IVl4AJp4k5Ynioh05Ds1uxZqI2fUS8qUHfVmjOfPiulUSLoA==","mode":420,"size":252},"readme.md":{"checkedAt":1631415842597,"integrity":"sha512-eLunxPniZZtimK9fM45VoUI4q20ExGnYzK2wTcvYEdpPhg8WylFnluyx08K9UYncPA8NqDNbeYBYv2nhQNU4HQ==","mode":420,"size":1304}}}