{"name":"cookies","version":"0.8.0","files":{"LICENSE":{"checkedAt":1631415840396,"integrity":"sha512-28zf/YsvppDTHvnUoPHZTbUN5KlcqYgZGwzec8KPY4jezSGT/gmER5j3F3jPvHNYfLqF1aVtY/lZM9Ugj2QW8w==","mode":420,"size":1166},"package.json":{"checkedAt":1631415840398,"integrity":"sha512-3X24Mrn3jPYht1jC2PDGCuEm77NyBtaSrpD7Fx5L9SEgkJgS+aRZ7b6u4PldqdpFV2TS8hDJ5JcuAzBhHJqVeQ==","mode":420,"size":915},"HISTORY.md":{"checkedAt":1631415840400,"integrity":"sha512-iT9VLap2k2N+DFlPs9KFsuxyyTpG9f+NCOUGOL0R+lWF7p81ta/SErFeyL2w+2dHXqNAmTQHjWAKN5EU7bRqQw==","mode":420,"size":2699},"index.js":{"checkedAt":1631415840400,"integrity":"sha512-z1Qmh/EKrCbj2RKpXvuWG4L7veraqt1vBkgekeEBKyK9pjbywoWDIKjDqZtzp6SqUmlWPTANvEW2tjNChldt4w==","mode":420,"size":6133},"README.md":{"checkedAt":1631415840404,"integrity":"sha512-1C18ds/JG5g7dMWmJ75p2o7A023kx4jI6wkpcpquJcTjcVyBJWg7FIuZcRM2+ilVRA6wg3jzYVVK1E1fx6talA==","mode":420,"size":8704}}}