{"name":"registry-url","version":"5.1.0","files":{"license":{"checkedAt":1631415839865,"integrity":"sha512-nIst73auX/5NY2Fmv5Y116vWnNrEv4GaIUX3lpZG05rpXJY2S8EX+fpUS5hRjClCM0VdT2Za9DDHXXB5jdSrEw==","mode":420,"size":1109},"package.json":{"checkedAt":1631415842298,"integrity":"sha512-H4WjMXRnfuScHZg/kIU9u4h18nqP24kDCrDedGrmZcp1fhORbxNJfl8si5cYCGGhOoRF33I0dwlZNF25b0Cg3w==","mode":420,"size":681},"index.d.ts":{"checkedAt":1631415842298,"integrity":"sha512-4jV7AdNrZiwRPncbEQnBGilBbmLHLbIav7XIVa9dvEYNXHKVXlnoEckT+WlLqvYXZChYAK8x6iW+DXxtOI7qOg==","mode":420,"size":949},"index.js":{"checkedAt":1631415842298,"integrity":"sha512-Fk9KEQuZ1+4+PgW42TCeD5mnZGPpJ5A2axIdEqbI0/gEo4guHJRysvJV7BDhWKuPeoGXM2edYieYi/D915nGbw==","mode":420,"size":398},"readme.md":{"checkedAt":1631415842298,"integrity":"sha512-VMbCoWRpOfDdI4swhUtNBGQojP211SBjGnyqw5YiKVDB30kb1fofbfyrmYoVUJ+gOArsq3HoIwr7x6oJfiC/ag==","mode":420,"size":1191}}}