{"name":"pump","version":"3.0.0","files":{"LICENSE":{"checkedAt":1631415840070,"integrity":"sha512-tSuhQwQoEtbdEDGhKUav3bbo+Ou8cWnFnBONFqr8XiYarpL+ax6pSj2A450kFcSyGXEO9Gk5ot8TXbJKDPcS+w==","mode":420,"size":1078},"package.json":{"checkedAt":1631415842668,"integrity":"sha512-BgzWxEbR2QtJaFZoGGBeTRBE2FF++7ULq0NmqMF0OHWONl5p7pZxtbunMScZrkdE/YaNsGgqz5ET0hCh/0Ta6w==","mode":420,"size":530},".travis.yml":{"checkedAt":1631415842668,"integrity":"sha512-z06apwq8G+1XpliF7/dLtmUufL0NUEz+Aa8kIglQRtuCEVvgnLkARMRbk0VEo2W9BwnnvwjN2cU9mozxIa0/dA==","mode":420,"size":58},"index.js":{"checkedAt":1631415842668,"integrity":"sha512-JwWKfRAcKgkymGL3Q3fnDnxWHTrc938pvTjxoFIE8xvxOSkaL25mAGQHFWxToM6YhXAYijQzJrey6ANG5eqy4w==","mode":420,"size":2224},"README.md":{"checkedAt":1631415842668,"integrity":"sha512-R4fzggCkhwwM52Y1Sgf1u5tQOSPGBBcJHqdM3H/j4LjmfnIJtdFLKsQnlDYyJ3Bn2hU199wp0XofCsC2ux6BRQ==","mode":420,"size":1721},"test-browser.js":{"checkedAt":1631415842668,"integrity":"sha512-jhcv0JRsaw3gpqO9D1h/vUoVmeCpS2MiNDJirghI980X8X05SG0WerVa0o59DLXdfzkzTiKgMwaW/bPWtkL6CQ==","mode":420,"size":1172},"test-node.js":{"checkedAt":1631415842668,"integrity":"sha512-WSkbXzspFBGVRn4g9TaM7C/0yXNiMCR0enRWpfLEoAouwP6BIbSIRLqhxt4B8kRCpVuSm8ERRnD/ZvBk6CMm3w==","mode":420,"size":992}}}