{"name":"crypto-random-string","version":"2.0.0","files":{"license":{"checkedAt":1631415839865,"integrity":"sha512-nIst73auX/5NY2Fmv5Y116vWnNrEv4GaIUX3lpZG05rpXJY2S8EX+fpUS5hRjClCM0VdT2Za9DDHXXB5jdSrEw==","mode":420,"size":1109},"package.json":{"checkedAt":1631415841943,"integrity":"sha512-E6hw/MWA+n3dx8ONeTCBwBvtcxL7m7rU1Emlj8SK8hd3Pxr1xtm1Dk+DxdMzrsMZszX/BeMKHMDGWwDI+9SV+A==","mode":420,"size":655},"index.d.ts":{"checkedAt":1631415841943,"integrity":"sha512-ifywWhteu/5XeGMaHDCCeCJaMCHwmohzuc8gP7VRiQ83JKajb6qfE/6RtoEfJUbDVx1NNw6gZq2BZME/y9heqA==","mode":420,"size":444},"index.js":{"checkedAt":1631415841943,"integrity":"sha512-IHvJqHzpqyrjfTv9fkUE43p3t5tSt6gu+NL167XLMYWmHof2NsjvQeWyTT7jeed1pusd7UYTY1lbG0AsAdDVuw==","mode":420,"size":253},"readme.md":{"checkedAt":1631415841944,"integrity":"sha512-J4kS12t6+h3najm+vkasLu0xgn74Fg27jsgdmKywXDBTtNfagjxWLJAefRxl/leFDU6cYetIB19WdhZlRD2+xg==","mode":420,"size":1468}}}