{"name":"got","version":"9.6.0","files":{"package.json":{"checkedAt":1631415842163,"integrity":"sha512-yZ8sXZgRQyPBE1kzN+kTLsD3hdv7xw/LhytFS1b1cW9GbonSTRdCPtC18T7BIaJlpvjsDwGt0cMjeMc1Bqi1dQ==","mode":420,"size":1323},"license":{"checkedAt":1631415839865,"integrity":"sha512-nIst73auX/5NY2Fmv5Y116vWnNrEv4GaIUX3lpZG05rpXJY2S8EX+fpUS5hRjClCM0VdT2Za9DDHXXB5jdSrEw==","mode":420,"size":1109},"readme.md":{"checkedAt":1631415842168,"integrity":"sha512-kcZjyCCbpJDOElkJ+C01ETb0yVsWZNYZ6G/ZMeiqh+9B6UdAmjiHIHuig/xtnNj+x5DhWTc0mn/fgYXawaREXw==","mode":420,"size":44187},"source/as-promise.js":{"checkedAt":1631415842170,"integrity":"sha512-n417awapHg+X5FS9lNTDVgt4TvKdsA8roiZ6YUwpactGB0nNY+LLd1fEJFBih8tQu7Ff4LG4L5m+IgtPHYCc+w==","mode":420,"size":2878},"source/as-stream.js":{"checkedAt":1631415842170,"integrity":"sha512-WqEoCkGlKwHss493FlfFf505rYs5mikQMSJ4W5FRE7QevkJGOKMGomMmQV1hhGHUFBa2kjlRrr2GhbTIbrrvZw==","mode":420,"size":2310},"source/create.js":{"checkedAt":1631415842171,"integrity":"sha512-9m+4+VDHSFfrtItC3HVWu+pk1y6d1MQqmqefvLx522aBldTOujAGqBp5BHGxWG2EG1UBBJPfwvvDd2Aal5IKKQ==","mode":420,"size":2106},"source/errors.js":{"checkedAt":1631415842171,"integrity":"sha512-iHOM+LuheupqNLDON8IXwjyd8S4/Jdp+tCBHmsKRetCxrRNQu9TPzjFrZhdXC2CmvTftgc49jBh0Eftxz/8qBg==","mode":420,"size":2842},"source/get-response.js":{"checkedAt":1631415842171,"integrity":"sha512-ECNof8LHD4HXx/WZOk63VEy19YgvycOObMhsBmFfFB/I0W285mrhUzO4W+Z9D3VBmXbhvlMfTO4FCvbqJjKUHQ==","mode":420,"size":935},"source/index.js":{"checkedAt":1631415842171,"integrity":"sha512-eD6vTr8ERTLbg9qFe5D2WGqNtZUHFxLt+oAfMLUHGmyc5UkaTK5jYjEH8vwohcnXSnohAbgfuOJU7P1Y2X2YqA==","mode":420,"size":939},"source/known-hook-events.js":{"checkedAt":1631415842172,"integrity":"sha512-HtZMkJR1tmLEKT/STuWkoWzkEqWLUO9ESe0QNVZbGcxo1ktQv0kNHcw060N/9M3A9s8SXzAa8roT/eqfnV2Kxg==","mode":420,"size":132},"source/merge.js":{"checkedAt":1631415842172,"integrity":"sha512-5cizygDrCfqasp1lUZr4CzEswsmXui2YfYMaCZVnPBh77iCqro7eASXMZyrGk943NJOAdPpTkHG4ZJJykYzQUQ==","mode":420,"size":1858},"source/normalize-arguments.js":{"checkedAt":1631415842172,"integrity":"sha512-pLs8DSbV/4mFTeKc2Ja8/ZSsiF02PfARyZLm/XUjopHS0/BKb6IbkadYsSoxquMjo6PrXgGMKMLQ0rc0xGRxqA==","mode":420,"size":7549},"source/progress.js":{"checkedAt":1631415842172,"integrity":"sha512-0QtbqIX2J7hcJwzK6Se/0G0MmcfvxqCtW0fgIDBC8KpeSyVTbtqhcNcK0QJ9ZwUrb75y6DWJH+wF4EU1/GISPg==","mode":420,"size":2324},"source/request-as-event-emitter.js":{"checkedAt":1631415842172,"integrity":"sha512-ykWfFaWaJHq1p4+AhJ+rY2FncaGYohjnR9b2zTByzEobl6ntNjkMvD172ZFK8YAxOAmhq+h38+IjeMwEwr+hpQ==","mode":420,"size":8856},"source/utils/deep-freeze.js":{"checkedAt":1631415842172,"integrity":"sha512-2V6N0KTokXh43AUpDPtKmsSZADXvCus73UGRp17334pPvvUT5m5UKf7GEz7/ZqPZNvu2u0sP/QDyMI+4v/XBiA==","mode":420,"size":276},"source/utils/get-body-size.js":{"checkedAt":1631415842172,"integrity":"sha512-OJGCO2F+C6kdO6q+91GabEM3EoM0Pf4PaWvg8ZVWjl535VOAI4nlvk9No3kiWPNeYslbKV8x6l7dItcHCmIggA==","mode":420,"size":644},"source/utils/is-form-data.js":{"checkedAt":1631415842172,"integrity":"sha512-WYXFa2wkG7YihCbbckSYXzcoZOBoMwECZF2+BSjIt4gXAf5KxCXw6epyBbDlNpYVsYuf7uQ0BDae7EwdqHocYQ==","mode":420,"size":134},"source/utils/timed-out.js":{"checkedAt":1631415842173,"integrity":"sha512-yjm2xA2TMWC7iCtiKKPntbMsXdll+cIKeOr5zlqwMCR+Occ1X/ypoF8ggU7PR9Nw7HgYVMGy5UAuSqJF3o/1rA==","mode":420,"size":4421},"source/utils/url-to-options.js":{"checkedAt":1631415842173,"integrity":"sha512-tzU338dydAgXV9UiCkhCIdcf15pnGtvrw+ds4Wu56N6ClE8xdJrpzjKHsQQfFJ+C1gI9gpif0iZsh8EwPTU1FQ==","mode":420,"size":588}}}