{"name":"buffer-from","version":"1.1.1","files":{"package.json":{"checkedAt":1631415842444,"integrity":"sha512-wiLrfwEUR2oI7kvWag4o7GQNOGdkDhVF6oHQQieYs+4h6L6lkvc8hl/hn3viqMp0at4oBLD1gU32Xnu+9UhtaA==","mode":420,"size":303},"index.js":{"checkedAt":1631415842444,"integrity":"sha512-XbDES28rxEzvqca6kNGROoRl0pOQdDnTHZdDr68IdO3y5goSo6e/Q9OHrRQkQCJEypF6nHNUyD+7Hi+ATPvVXw==","mode":420,"size":1595},"LICENSE":{"checkedAt":1631415842444,"integrity":"sha512-MHAbDbuFVUD4Inua8B502qc7JW9ZXKUcN9Wso6JqrvW0LZ4ZTT5BB7eeX9cpddS11dNR+xeQ+N0lbEBHYZcwXw==","mode":420,"size":1078},"readme.md":{"checkedAt":1631415842444,"integrity":"sha512-ScUp1qBnzWTTHmyS4cAupxwiratDvpTF4xk8kOZH8w+v3KfqIFHVLCqm6wyb5A9WdbSKfqd2o3nwxwccFEYCpA==","mode":420,"size":1990}}}