{"name":"emoji-regex","version":"8.0.0","files":{"package.json":{"checkedAt":1631415841674,"integrity":"sha512-WjHjPvie6MNirTWgl8U5AkVw4sI4b1BrxsiLoJWRErJEUP12nI6pFARmfBgTI/BH9Y1LuA83qr9r7S5XEp4zPQ==","mode":420,"size":1278},"index.d.ts":{"checkedAt":1631415841674,"integrity":"sha512-R11+P8ltxYGtLSlyoCu1oJ0EFSmP0c8ZWBeKKMua3VemaBwTbJC0Nz2pUWxrheAIW6p0Q9fYJyObKUzpPSiHVA==","mode":420,"size":427},"index.js":{"checkedAt":1631415841674,"integrity":"sha512-dZJMJJaOKYsUlhcKZmJLl6dqd/tM5ZaOfAl60idAElZ1LZ0oyKH4TTE85LBvncmyDj912BOYyJUbRTdcywE+Pg==","mode":420,"size":10286},"LICENSE-MIT.txt":{"checkedAt":1631415841535,"integrity":"sha512-fWtEu2WGJSgbSBlOWj06B0Ur6h8lZQbdFveiGUHvPw0lnhvNDMYgJkK/H9EpvBh+ajkh04LVaNMSvYPzAjl5oA==","mode":420,"size":1077},"README.md":{"checkedAt":1631415841679,"integrity":"sha512-fEz6adJXSFE9VbIpQG6J6BaokyLEnKmxD390kiypc4dxY+eEzurF64uDe7qocvcTZCCNbN2VKx3lD7sWiRx8pg==","mode":420,"size":2691},"text.js":{"checkedAt":1631415841679,"integrity":"sha512-nIOo/xcMBCDYfZ6MojOq94XyN0Tz/BdKkjJQApzi3ex2tygrdLKwuHrdS7UJ0c/3/87Fbgy9L6EzbHUyR6/j1g==","mode":420,"size":10287},"es2015/index.js":{"checkedAt":1631415841679,"integrity":"sha512-tw5o3vbosVzcnvi/oTJmEcS/g62KxGFRHGrx7irNqhgq6TNuH3+MFxyZMdNtXZNHVC02RgXXFMgakAMq/t9S5Q==","mode":420,"size":11104},"es2015/text.js":{"checkedAt":1631415841679,"integrity":"sha512-Dyfo2a1izW1d+j1IyRdg/4pX9ISFGXe8RviR9c32VsffGvrdceh2bBGYT5FEnOy5vNZaq+EoJFBnpzkqxqsS5g==","mode":420,"size":11105}}}