{"name":"vary","version":"1.1.2","files":{"package.json":{"checkedAt":1631415839727,"integrity":"sha512-n8fJ5vEp1Tg5mYrBFSP3tMR8VB99SCO0xwI1hFKmzJA6+lRilxUflHiBwtnTcD0IY6I4elslwnbOdL6R663EOw==","mode":438,"size":1215},"index.js":{"checkedAt":1631415839732,"integrity":"sha512-Pvci03sBbGOsASbP3Oy21xQGGdDPSZWJjAu9lweVFYFSem3LeKw16UjCb8pTuKGZz1oo6PQYIfDVthfbVLq9QQ==","mode":438,"size":2930},"README.md":{"checkedAt":1631415839732,"integrity":"sha512-qRNRG5kAwXHBYc3zD0lI77dY9jI7eWMX4yyMVV6g8zn1O3grqozmSdIL/7xduHXQyF+qictsEqlKtubFQkSOZA==","mode":438,"size":2716},"LICENSE":{"checkedAt":1631415839736,"integrity":"sha512-QOMBdEM0CODi7UbSQ3OxLe9H9UXZGDt7zijU3djIu1KAdcfyDhGPN2YdufG7o1iZnYGhRCXrPgpKIIZd/LUxgg==","mode":438,"size":1094},"HISTORY.md":{"checkedAt":1631415839743,"integrity":"sha512-UcUbV+Xd1MZn7/txs1S7HClmVKgLtSeYM393lxhf/A3M+0SLQLWszq84EgKQ4dD1QHMF+BtdSdMs3WGQpLkrIA==","mode":438,"size":792}}}