{"name":"cacheable-request","version":"7.0.2","files":{"LICENSE":{"checkedAt":1631415839982,"integrity":"sha512-b+puLzCIXN1sriNmN+8ZT+nrBidkN+NwwC6sZR4XADGYCrIB/16Klbe1wh8keI+pOAfWxPLPedX3F5Lm6KYf7w==","mode":420,"size":1068},"src/index.js":{"checkedAt":1631415839988,"integrity":"sha512-T1mUyX83on3hMYN7CqR5uhudtnmQ5s3Qu0jy8NjcMVCVI/L5pHBQ7jIBfPdwwQJfd132r7/Y0ImVOUbMbOK5kQ==","mode":420,"size":6936},"package.json":{"checkedAt":1631415839988,"integrity":"sha512-74xar361yzbnrZjUmeJ5ZxUgKWZ1aLh1Qe8qu8KVsJhPPVDwqIkeUS5KUVLXqm5fvGCBkId988zOsx2WUBu3+w==","mode":420,"size":1160},"README.md":{"checkedAt":1631415839997,"integrity":"sha512-+LsfAMt9pecoZrao1UAR2R6U9mm8v8BLuqzLSNmIXMjM8oAuL9pzEh+urq+fHmQpn1F72W7DzytKTKVgeo8zVw==","mode":420,"size":7586}}}