{"name":"configstore","version":"5.0.1","files":{"license":{"checkedAt":1631415841734,"integrity":"sha512-aww8hvuQMZiNtmzfmyPm/W4iea+DffxY0rK+wav0L8OG5SqtqxF43ZK7ZBVy9DhykZ6F8ZoFZt907mCak45N9Q==","mode":420,"size":1305},"index.js":{"checkedAt":1631415841734,"integrity":"sha512-ZZQJuT8AOq99yZ2/xxraVSMtWF7akVuhKFryq7H2M2AKlZxbvF9EFjcJcJsjtGXnEPGiHBKXUmuhfVGHs7uzkA==","mode":420,"size":2460},"package.json":{"checkedAt":1631415841734,"integrity":"sha512-TPR+xMDksG3wIBO7dCaBRi7552lhYxhzjPYBhSPc6k+cFUXJjK7gsSEFLJXplqdFSMSjBbGKtKv0OWOkrxLu8w==","mode":420,"size":828},"readme.md":{"checkedAt":1631415841734,"integrity":"sha512-QPoMawHeZ21uUsFdpj7+SB3JpJ9yA5DyK2L6r8zWdujo9M4AWnmHdtnaQZQz7eg6uydNwTTTTmKX9cOPhykT7w==","mode":420,"size":3021}}}