{"name":"picomatch","version":"2.3.0","files":{"LICENSE":{"checkedAt":1631415841194,"integrity":"sha512-iQJoeMXWqmJ6+ML4rS5/Uc95niPtI5BGjke8o2hiHatanYndkWcYZ3rCDXtNRPY5ncBKgQsUkvelrGRUZkVoWw==","mode":420,"size":1091},"lib/constants.js":{"checkedAt":1631415841194,"integrity":"sha512-LocLR0IfarQ0orOszKJW3atOKjCyEWNITJjTKoJlIY125hq+AcA73ZUVWB4w3RZBbj2mzgK8X64o1fg0cLB+/Q==","mode":420,"size":4448},"index.js":{"checkedAt":1631415841194,"integrity":"sha512-h8VLaD9UWTQ161k+8WOyXboqJ04n89oyNTYHwqEsw0im6aT9yeHztQxz/XtyLNM/KPCMWJY3MDTC89VKpZfcpA==","mode":420,"size":60},"lib/parse.js":{"checkedAt":1631415841198,"integrity":"sha512-slk3hm9+4TD+P6aGvpV0dML0qVNN8R91YaDEVcbuNsUz0o3lFobtcHxBqYYAWXQ92YoK0FnPmadQaczWdg0XDw==","mode":420,"size":27225},"lib/picomatch.js":{"checkedAt":1631415841205,"integrity":"sha512-rPBSuEe6/LnLYGLmbCCQljx78etUL/8RbtS/qjJkZGNCW3YCN8stlsEYjevV39tseRSChuh0bdg3UBVHG9jZHA==","mode":420,"size":9956},"lib/scan.js":{"checkedAt":1631415841205,"integrity":"sha512-w6ae9ePRbYvyCBhUhEF8IUNwOb1qJTfTqQwsHHx5Wgis1MoegEaTPMlw3Yx3GDNypYCj5bMS5rQPPBPQHJeBYw==","mode":420,"size":9189},"lib/utils.js":{"checkedAt":1631415841209,"integrity":"sha512-G22tZUwNamRPcFdUiwxLsjYIUhfxbsYOGbDeLLRNONl7gerwFmqpXe+6KAFRRouwwV9blTXrvJC7R5jTcbxWIg==","mode":420,"size":1885},"package.json":{"checkedAt":1631415841209,"integrity":"sha512-E6bRluBCv8atqfn9USQpnIK8EYFbKff38BI3bWyy/wCBdWfmqGJ+FaDBA+hWDxtEIhM1z2np7oM2X78etTRwcg==","mode":420,"size":1912},"CHANGELOG.md":{"checkedAt":1631415841209,"integrity":"sha512-buctPOomRpyCGw/sFi3fY9nG5FYBrgfJRyYW4HzYN8bXCw3123jxWI4S0fI/mXMb4FJLYIP8huS+DlksfISl5g==","mode":420,"size":5776},"README.md":{"checkedAt":1631415841222,"integrity":"sha512-9i4dWOgOag6NbiEf/jsD4CT4yo9E1luFUjlHo6AnXp0Wyxme3/cuf8RaE6gFHxtu/iH/qsySD50rUNh0cBXK8Q==","mode":420,"size":27432}}}