{"name":"wrap-ansi","version":"5.1.0","files":{"license":{"checkedAt":1631415839865,"integrity":"sha512-nIst73auX/5NY2Fmv5Y116vWnNrEv4GaIUX3lpZG05rpXJY2S8EX+fpUS5hRjClCM0VdT2Za9DDHXXB5jdSrEw==","mode":420,"size":1109},"package.json":{"checkedAt":1631415842498,"integrity":"sha512-RUacuD84ZTuPP9l5/KPOnlGCVVYgwgMzFDr7hGqbChPo1a8o/oDW/bTcpbnIvjodorErBvSDiM3mUDQI+dXCPg==","mode":420,"size":945},"index.js":{"checkedAt":1631415842498,"integrity":"sha512-GfRHI0QPlp5CGiy4/6E1zIKbplO1eNM0oPUmDsi6UrNyCK5BOH5K/i85fpSKsvdzJUz63w8Lia1AOp4GU58OCw==","mode":493,"size":4661},"readme.md":{"checkedAt":1631415842500,"integrity":"sha512-BRx8N6iRsTSfLRagM5KD4SvW3HTYQ9YPKZodsqbWC15Oov33hdKmMzuqrOk12uyLoyNv4CtUOBcAvU+miwAeLw==","mode":420,"size":2909}}}