{"name":"koa","version":"2.13.1","files":{"LICENSE":{"checkedAt":1631415842675,"integrity":"sha512-TpUEh5v3XzJxfm1yiRJeWv8n5oTI/jgrcsaQ0/PFZPrLPvsePr9nhgZDLVH9CpPbMq9qq2XavzEZMYh/KDTB+Q==","mode":420,"size":1079},"lib/application.js":{"checkedAt":1631415842675,"integrity":"sha512-oIkCyfugah/ax1J6Xq2ISw5A3be4lgQy0luBrcBHcKajjkZMRewz+Bxgr62ifcdaiBZdHnhQP6CZVTSkgFHMSA==","mode":420,"size":7342},"lib/context.js":{"checkedAt":1631415842680,"integrity":"sha512-9q+XrsFJc91TklwZmpeWAqj/5eyVbKGw8wWeW9JR5jFdfPpq/p3MYPoHDojWUk/qTFKLXzc5nfpyhbDk1l8fXA==","mode":420,"size":5582},"lib/request.js":{"checkedAt":1631415842686,"integrity":"sha512-ae0xjdaM8QNuuftTvftOPj0/cqOjbMdN6ZX4Kj2NiMhpq/HjzVQJD8fJMf9GvgrazvgWW4Ix8Az5+AruBC/jvg==","mode":420,"size":14464},"lib/response.js":{"checkedAt":1631415842686,"integrity":"sha512-Brp5nZuEpzYUExQ+c/X1liLVMHMxW/Cmcys4CfbVrftFCNBF6VJNCtTHC+p+Uhzm0jhJ/yg0j0jUeam1i3NDMQ==","mode":420,"size":12101},"package.json":{"checkedAt":1631415842686,"integrity":"sha512-bLWgNuFHv8l27WqDuHDXIFpX4sriU+Pf+1ZFgaGlU+3iWso4RoMxH21+5pxATuybJqteHGfo6zcLFlVxcZU4ng==","mode":420,"size":1888},"History.md":{"checkedAt":1631415842702,"integrity":"sha512-t4Jj6upVXw9MCw1ZZcKT4S97xaLLtgLQ9ZXzY6NmFNaQWloeYvRrZnfDz21m4vKs2aJCUFo476aY4mG4w8ebDw==","mode":420,"size":30047},"Readme.md":{"checkedAt":1631415842702,"integrity":"sha512-OPGlsJvGMGIrdxFwEOpdYmg2EVKItHvWIF/1oP9MZRntBG8oJqjzkKAMoCNO5c1VF2px/3ndm9RbuUyk8ogoUA==","mode":420,"size":17277},"dist/koa.mjs":{"checkedAt":1631415842702,"integrity":"sha512-vOulzArnKqiSd7xbjug9QWDlcWPx65vagd8bQZGPPSClvuUamZ0eG2T55LQLkRsmgabEVWQz1Cx0zcg0g6MNqg==","mode":420,"size":102}}}