{"name":"normalize-url","version":"6.1.0","files":{"license":{"checkedAt":1631415839865,"integrity":"sha512-nIst73auX/5NY2Fmv5Y116vWnNrEv4GaIUX3lpZG05rpXJY2S8EX+fpUS5hRjClCM0VdT2Za9DDHXXB5jdSrEw==","mode":420,"size":1109},"index.js":{"checkedAt":1631415840146,"integrity":"sha512-ZN2Rf1OSnfY07uTz7vLKQhXXxYY/rcB5vMrFWgdWx+Dv2/WigTTIgrwfra7WMcIS8BkePx2ueope6rkX4TQCaA==","mode":420,"size":5978},"package.json":{"checkedAt":1631415840146,"integrity":"sha512-s9CZeP2UHRmutf2pSC7v6CFdzLDFUhOCDwozhjoJrdPJy6V5EXQ+9l4xrP8CgGmKDd+QvhWf/nbVRFbFlGRruQ==","mode":420,"size":803},"readme.md":{"checkedAt":1631415840147,"integrity":"sha512-PtRj500A72aaL8oniTcFNXfAitNVMHPlDZxmAxVwZ6RiK/HbU898NIf+Vy67Y+Ayj2t7UxZ9FN1jWiyFhlJJiw==","mode":420,"size":6865},"index.d.ts":{"checkedAt":1631415840148,"integrity":"sha512-GpOetfqSROg2BkNLgvUjABLjO2hKG9on7An6vn4ksBR5BDSdAAAGHv4XyIYqIj3ZOVZI86Dkm9FALBGY2ce5UQ==","mode":420,"size":6489}}}