{"name":"methods","version":"1.1.2","files":{"package.json":{"checkedAt":1631415839826,"integrity":"sha512-4h67SJfudw3r1MPxsNz1I5f+36KLa9faHBzow3GxcPcpLQ51go7K06SzTVdN2u45VdoXl9juerdbqTwrt+8APg==","mode":438,"size":947},"README.md":{"checkedAt":1631415839827,"integrity":"sha512-FAOzCOKBwxsnjwSqQ6vxsO83fYtvKlvn/qfxWERoYeX6yQsyNzS4ECNGdWW0dxoZfvGz+Y4oP2hBDGLeHgkXvA==","mode":438,"size":1694},"LICENSE":{"checkedAt":1631415839828,"integrity":"sha512-RLl2rcL40bbof+03Xjq41sFV7ov3OQJpDqiJG7joXryZF1FfXD+GaxA3QExKYrz+g615rFv+V+vT3ZUxdmaPFw==","mode":438,"size":1180},"index.js":{"checkedAt":1631415839828,"integrity":"sha512-Bsj13iVqkwA3mgdc1V2azJ2bKefpE9CPlkzSzTR8xNXRqVuK3BWTZDGqZ7azmtoryMZQzykrqrm9jyQVci8O4Q==","mode":438,"size":1040},"HISTORY.md":{"checkedAt":1631415839830,"integrity":"sha512-RGwU4dIZgMbSeh5jQEfH3lNvD6rl/XEWRqOe1RoEafGNBlFinJVyJchyky+OTXct+dQb2RTvKIm1638kSCNzXg==","mode":438,"size":427}}}