{"name":"@types/http-cache-semantics","version":"4.0.1","files":{"LICENSE":{"checkedAt":1631415839932,"integrity":"sha512-HQaIQk9pwOcyKutyDk4o2a87WnotwYuLGYFW43emGm4FvIJFKPyg+OYaw5sTegKAKf+C5SKa1ACjzCLivbaHrQ==","mode":511,"size":1141},"README.md":{"checkedAt":1631415840047,"integrity":"sha512-+QCKa6F4mW+puU7LXQinmT+cbgYobWS2QOt2Vkwcp5wHFgjpXViuDboicfS+yyAuUOW2sE6Wwgd7P6EoPKRWbg==","mode":511,"size":556},"package.json":{"checkedAt":1631415840048,"integrity":"sha512-/gXXMmxoLtHteu2f9V050T3FYWSRPZ1TKiBS3AfqHP8DCAaOD6Zr7KYOCxkNF5rQb0WY2lBSwSl/YMYpoamu1w==","mode":511,"size":849},"index.d.ts":{"checkedAt":1631415840048,"integrity":"sha512-sIVuVHBGtbeS2JFgI/CWyN223LOG1BnyOtbXcx8TEj7QJXWUJVShsTb0QY6KlyHDWIbdVQYnUMYTxanwhWK9UQ==","mode":511,"size":7009}}}