{"name":"is-generator-function","version":"1.0.9","files":{".eslintignore":{"checkedAt":1631415840539,"integrity":"sha512-VLhEcqup3IHXtZJPt07ZYoA9JNRjy1jhU/NU41Yw4E8mEyea/z+6bw5hL3lhCO09pji9E0BH2Q3aDXdc3i9zBg==","mode":420,"size":10},".eslintrc":{"checkedAt":1631415840539,"integrity":"sha512-RTfj3v1YqTONrHnTfPDsgRliAIwUFoCCrg1X60CN0BthPv5EK7J1TbQAmiwSJt23c5ZGym48yugIHaRiLqeKbw==","mode":420,"size":79},".nvmrc":{"checkedAt":1631415840539,"integrity":"sha512-Z8rdOE5A3S+8rBFuBDzc4wOoNT2AzzIKcQPnEE/DnaPyHrPvq3+KKSlI5nDlur3187j3zqnFxZlNjgK2D2Wwcg==","mode":420,"size":5},".nycrc":{"checkedAt":1631415840539,"integrity":"sha512-2vm1RFz8Ajl/OYrfoCWPJIm3Bpnf7Gyn5bha/lZx/cq+We3uMy9xj15XeP6x4wF3jf/pO7KMHAkU9mllm605xg==","mode":420,"size":139},"LICENSE":{"checkedAt":1631415840539,"integrity":"sha512-VAafw6n4N41XvAsR+n+iEdr0zTIENa8hymUUtLGRZtNAEzrKNuwlPdG/4XVTK8bgjhOLpy2sORJp/QqopRK+Yg==","mode":420,"size":1081},"test/corejs.js":{"checkedAt":1631415840539,"integrity":"sha512-57U3Xo77c4Lu71Maut2wPlTQZVar3hWkrNmXoWi0FwrlfQMEw3BJBiXfVp5JyjF/fMKN01tp+fRwY7YhBRy1Gw==","mode":420,"size":51},"index.js":{"checkedAt":1631415840539,"integrity":"sha512-A3Z4DyyM50uUh9serVaCiYy/CPDvOCU3PZYXiCw0E9qsijj1HGMRBkHDqMCtHCMPNb61JYb1wKkXKqpgVwZFhw==","mode":420,"size":1000},"test/index.js":{"checkedAt":1631415840539,"integrity":"sha512-SVAGKBdy/XhHKrPF58YGUgwnpM2JPo/O8sDIIbWattZyMmp/4Op7XWc8QFPF2qcCtFJgdeP0yYhANra6BBOkAQ==","mode":420,"size":2671},"test/uglified.js":{"checkedAt":1631415840539,"integrity":"sha512-K5ANyu7d/P/Et0FoYuTQA5KK5ZuNV2ZUOks21yXee1K9DxzrSRqkRYm+aXDVvatEZjeRuzzL1A73oyH/Ilx+wQ==","mode":420,"size":147},"package.json":{"checkedAt":1631415840539,"integrity":"sha512-aovvlHNsevpvQhFEn3y7Tfe++cjjDfL8bDFvNh66gSA5tP0/lzsd+NX0w9va12vaRsd5gaiez5Hh77lvyWv+iw==","mode":420,"size":2335},"CHANGELOG.md":{"checkedAt":1631415840543,"integrity":"sha512-eqaYmANLyNAWSAO6IxXouyOxH/e0zb4RNKGCcDqsOqOUcZjbSZgOCyFIA1pxvncNpmhLLudnBU5L3ZbxP/V3XQ==","mode":420,"size":21962},"README.md":{"checkedAt":1631415840543,"integrity":"sha512-tt8b6QYe5lx3Xyc2Y9fQXUC5tOibwgDqyoZi+k2j3Jlet4v9VhzcR8Vn8d1IiwdCfg/2UHSVR9LfumzsPCvfsw==","mode":420,"size":1781}}}