{"name":"function-bind","version":"1.1.1","files":{"package.json":{"checkedAt":1631415840733,"integrity":"sha512-rDYy3W+cfn4KSNDuXZOdReBs2BkUfYgayE+xPw3FbF6m5GA6z5ACUjssMH84hdN07Au2sqVc6WrleuXtNhSmsw==","mode":420,"size":1498},".npmignore":{"checkedAt":1631415840735,"integrity":"sha512-nSkYiAg7Exwyqg8nETgp4ydwowt8+2VKKbhpo6oxCAxG0IOd2T7PQtF6Mg7zurDrysQKqgO2AsdQNg7Kzj7IEg==","mode":420,"size":252},"README.md":{"checkedAt":1631415840735,"integrity":"sha512-TXdWxSVd2pvhUcaR8qknvK8M+R/qsRNIjy9NSKEzcSFBdSaYdFtYT9U5tbHSw0aTwdoN7QUpcL8995EYa94R9g==","mode":420,"size":1488},"LICENSE":{"checkedAt":1631415840735,"integrity":"sha512-DP736TUvxRfO5k0dKGb3amZTZVVIPs9+rz0VjoAN54f92zXRiVXm6NWjnKKpE0dmT2Ejf1lX81mVnduJW7cigw==","mode":420,"size":1052},"implementation.js":{"checkedAt":1631415840738,"integrity":"sha512-SepKkNWxkRD5KbwpaiP0VTfHHWWsx/bAPe+IkSyIWzejEdHOkkoTeS3+S+D8fUGIRxasVTAsDyeDBl003CpV6g==","mode":420,"size":1463},"index.js":{"checkedAt":1631415840738,"integrity":"sha512-nQ+tiyupbZSI41R2+fR8oNgaLdcAL47y7yVj+GF4mm8ElZCwvvIybC5RPp4evwBdcf7W+PbNVPkbdt6QMGVPPQ==","mode":420,"size":126},".travis.yml":{"checkedAt":1631415840738,"integrity":"sha512-5G/3GweLnC4l/+8tjCMT9UQE0QJnFXZauFoBtkX7efDK5I1uvQ+kkKzHFk4dcrvZu+M5LMLVNdeBUteJRh9EDg==","mode":420,"size":5451},".eslintrc":{"checkedAt":1631415840741,"integrity":"sha512-srtvSRjqp00BZ0gWAUtLOQiV0T3clo7IkFuBxgRsRuhyP7OvItnXHv7N6uogL4bnkSxhw88qIU1XnlGgoe5DKA==","mode":420,"size":231},".editorconfig":{"checkedAt":1631415840741,"integrity":"sha512-E+E+Jt9mMqQ3/p527H7Vvi+iad5ecPWcLdf+X2evqu+kHSBzo+gZ1clKPsY18+EBIxYx0S6rmmGzHTGeLDPW8Q==","mode":420,"size":286},".jscs.json":{"checkedAt":1631415840741,"integrity":"sha512-HChZ/lTIQO0w1vdzGhNGKauw3mmfPoe1jsqQsHt4FaDCuCgt+w1juR0oLgkVact4uNjr1PKsEncvvuRsWR8X3w==","mode":420,"size":4140},"test/index.js":{"checkedAt":1631415840744,"integrity":"sha512-m5Gb3Fr1E/8jhpUcum2j1d6dZtkHxNUCeIBZu1i1GPZm/WxfBENh1iUZEtVPhCpcMef8jvauBPHYnWjjgHHVIA==","mode":420,"size":8991},"test/.eslintrc":{"checkedAt":1631415840745,"integrity":"sha512-u0bDlhyxIq20wKmwiKK40D2c/vZOKPkMB43bLgmV3Vonp1q3peE+Aqi+zY+f9UdHqe3/tUtovh7Ul01HmWnVvA==","mode":420,"size":176}}}