{"name":"unique-string","version":"2.0.0","files":{"license":{"checkedAt":1631415839865,"integrity":"sha512-nIst73auX/5NY2Fmv5Y116vWnNrEv4GaIUX3lpZG05rpXJY2S8EX+fpUS5hRjClCM0VdT2Za9DDHXXB5jdSrEw==","mode":420,"size":1109},"package.json":{"checkedAt":1631415841811,"integrity":"sha512-Hl75UXWXzdzRFXnlPzjo7IFJMgYC+7NltAvGf0VSWZivzHTDdq70tnFUCx6CaxhLWqKlZ/kRk1Z6TBg01eZKFQ==","mode":420,"size":647},"index.d.ts":{"checkedAt":1631415841811,"integrity":"sha512-bS1oLgezjCV9RoM5LmlHZkDDHIaUWNI6KHeY2rEl+riO1hD+pOnlQtCCno4ysL+ZhYBY6mD833R1lYvwdwfbuA==","mode":420,"size":388},"index.js":{"checkedAt":1631415841811,"integrity":"sha512-16tkGUXUV6/Q2iRbqXGpDno14dts9NT3sGparyv57Q8llz6P86pxA9kMnGXOQhcyvl2J3dG+BoF7w+bdbYmZvA==","mode":420,"size":122},"readme.md":{"checkedAt":1631415841811,"integrity":"sha512-2qOp3UttKT/w0kGCz+U1olkwT+62lftQjGvDeQCRFU4lEKLyGYBDWoiDIF0KgpWfnrZOX6D8eT569+Ans6nwZg==","mode":420,"size":614}}}