{"name":"toidentifier","version":"1.0.0","files":{"LICENSE":{"checkedAt":1631415839756,"integrity":"sha512-rJL8AjV2XpWlXxQVsEvTqFaGesNx8QDMBrV52ydh8G8i/m8VoVJwW+hR2T81VqcjOTGiPv1qSOG4LBfP+7XfLg==","mode":420,"size":1108},"package.json":{"checkedAt":1631415839757,"integrity":"sha512-GEF4r8cJBf9EtXRbyyNUUPJrfn80tyf8cN2x7KVZu79RaU9w9VrDr0b49rFe+fVeuOR8r4MswP2GJs4dHtwBpg==","mode":420,"size":1011},"index.js":{"checkedAt":1631415839757,"integrity":"sha512-5BwdEBUcZajV2CCdo5T+JHPxRC9vR8LbGot3Fhesx+sI05pk9aEJL1IPsjBbjdPmem5nA5/JGPObU2enmF1A+Q==","mode":420,"size":490},"README.md":{"checkedAt":1631415839760,"integrity":"sha512-7XBD/8LWU2rk70ynF9Jilxb/VfGxOoJydYZOOaOsXz5Zw2Mgj4OLD+F7yiwaWMCiRiEwav9Ts9xd3QkukMJZhw==","mode":420,"size":1718}}}