{"name":"import-lazy","version":"2.1.0","files":{"license":{"checkedAt":1631415841163,"integrity":"sha512-rnnnpCCaRRrva3j3sLiBcOeiIzUSasNFUiv06v4IGNpYZarhUHxdwCJO+FRUjHId+ahDcYIvNtUMvNl/qUbu6Q==","mode":420,"size":1119},"package.json":{"checkedAt":1631415841945,"integrity":"sha512-+DI/K4+qHymQPLk9dHoau4eVShkR+/shI+HrtL10NKqQ7b6AYFIqDODGZ56IIKIb7EjrBkWnx7M6j2eIFLoCVA==","mode":420,"size":720},"index.js":{"checkedAt":1631415841945,"integrity":"sha512-zB1UDmv91j07clyDrz8SClSop2jtsMyZLHWn1vDbqSkQ/czGVGzq4U+8F0N/xbiMjGDFIto+oJ6BF9/YgOF13Q==","mode":420,"size":976},"readme.md":{"checkedAt":1631415841945,"integrity":"sha512-LfcpTzFPqb7ujnDLWVjHUaGF/AAfk0/vzFd7nJSN5YCPA7jR5XvPPXCdbkteR01fINhsug5pKoat4RHuzFAtcQ==","mode":420,"size":1951}}}