{"name":"p-cancelable","version":"2.1.1","files":{"license":{"checkedAt":1631415839865,"integrity":"sha512-nIst73auX/5NY2Fmv5Y116vWnNrEv4GaIUX3lpZG05rpXJY2S8EX+fpUS5hRjClCM0VdT2Za9DDHXXB5jdSrEw==","mode":420,"size":1109},"index.js":{"checkedAt":1631415840234,"integrity":"sha512-YtipQOgJKs/XYZkZMYQhmi9Ytdybtr6VBGAwd/7KO4Z/OTZ35BUD7ff92CuDOGcf9PkXfHthEf7F3fAFYDsBtw==","mode":420,"size":2231},"package.json":{"checkedAt":1631415840235,"integrity":"sha512-ObXUhRPZBwqVShT68VyYLLAOVHzGPUZ9W2crg3wP8n45983l+/2zaT12vVX717BjxIHbNMqDsTzA7cpm0EHgVg==","mode":420,"size":809},"readme.md":{"checkedAt":1631415840237,"integrity":"sha512-i5a8VXrM9TQ7XEd/xtc/YbzhahN7nZPVUPoL+k8FCSHC+nlkR7/Q5Y6j1HoqR84gRs+VmxH8HleGQ6EZRkDeUg==","mode":420,"size":4761},"index.d.ts":{"checkedAt":1631415840239,"integrity":"sha512-ACJd6QU1h4r2AWia+HgLvehE96q/VV5Nod4gk98frwKshDt4WNpmRnUUXxPU/r7hldewrFbRX2KbH8iZMFuGnQ==","mode":420,"size":4632}}}