{"name":"content-disposition","version":"0.5.3","files":{"package.json":{"checkedAt":1631415840321,"integrity":"sha512-aBxBC7ah0PF2m44oFKgOxsU2kH818NXw+CslUKCfFY+ia+Lz8Yer9jtpS37Iuz0iWrWr/0iZgC2kPQ+41c27Vw==","mode":420,"size":1238},"HISTORY.md":{"checkedAt":1631415840323,"integrity":"sha512-vhRJipJEIR1kx1jmjI6W9Df/GMIpKptKOfuH20vWYY/xx2+unoa/u3AhiGn4zDxCvIz60W6Lfj6T/BjSIl1r2w==","mode":420,"size":952},"LICENSE":{"checkedAt":1631415839736,"integrity":"sha512-QOMBdEM0CODi7UbSQ3OxLe9H9UXZGDt7zijU3djIu1KAdcfyDhGPN2YdufG7o1iZnYGhRCXrPgpKIIZd/LUxgg==","mode":420,"size":1094},"index.js":{"checkedAt":1631415840356,"integrity":"sha512-fR6BgeYN07Zb6+E3a98YBT0V3r5YXZwXoKiQh0dxxhWgTV33SRTJOnxjf32aB9/rQOs30CS+Wg5pCDQORl7cmQ==","mode":420,"size":10594},"README.md":{"checkedAt":1631415840361,"integrity":"sha512-aINgJSLf02uukrJIN1q3Ko4bHDLUvrEGLlUqB0znxZHLmTdtirr1eKH1ylDYY8sWzoT+zqtkmmHaiBdOucPHgw==","mode":420,"size":5237}}}