{"name":"has-flag","version":"4.0.0","files":{"license":{"checkedAt":1631415839865,"integrity":"sha512-nIst73auX/5NY2Fmv5Y116vWnNrEv4GaIUX3lpZG05rpXJY2S8EX+fpUS5hRjClCM0VdT2Za9DDHXXB5jdSrEw==","mode":420,"size":1109},"package.json":{"checkedAt":1631415841640,"integrity":"sha512-/TELmRloOCqI8M0EkO5tsiwhmaATO2kmly7mIOG2LqRWBqEMgtDCwDZ+cy8mHZ8m97v8rnHW5yyA2Sc3Bsr+wQ==","mode":420,"size":696},"index.d.ts":{"checkedAt":1631415841640,"integrity":"sha512-ABvTGLTw6BbJ3tKAkdJWrn/307Dp/zsmI3Y3eFfggB5TtZ0+pDTC4DLNdG7RNcZVsUecr+XkRzx/uyJK429K6A==","mode":420,"size":684},"index.js":{"checkedAt":1631415841640,"integrity":"sha512-F0tdfsQQj5Kb/igBJQPvUKVugjo92BM9WLn1+hiHDQ+LiQ7bmrTWVOJ89s9lmgn/SwBe4e31v+GvvInye8TiwA==","mode":420,"size":330},"readme.md":{"checkedAt":1631415841640,"integrity":"sha512-AN63OKtj0IHTIDR1suGAggSkyEBVpH3uxCaGolTwVukTtnT5NCHSnREPOPRM7GjaxxGlzDSwsjUzgbFtn9gEXQ==","mode":420,"size":1600}}}