{"name":"pupa","version":"2.1.1","files":{"license":{"checkedAt":1631415839865,"integrity":"sha512-nIst73auX/5NY2Fmv5Y116vWnNrEv4GaIUX3lpZG05rpXJY2S8EX+fpUS5hRjClCM0VdT2Za9DDHXXB5jdSrEw==","mode":420,"size":1109},"index.js":{"checkedAt":1631415842328,"integrity":"sha512-GzhGjIIzCxCGZr6nmIXhsUYTWzu203QZY0VdbeJiuYD/WWXaIEO2xtsYliqx55L4oLdG54nyWvOjmswqhau1sA==","mode":420,"size":1100},"package.json":{"checkedAt":1631415842328,"integrity":"sha512-v2zSwakSqnx9Qy5CST6m/JIeryvVC0U4YmdGV+N6YjyXN6/sOJniE+EJ6kZeSDWCE1rXfUQJ8liKse9DZG27yw==","mode":420,"size":734},"readme.md":{"checkedAt":1631415842328,"integrity":"sha512-qULSqsP+uBBRVP1Q0+FmvcKVdjtyTvWEWXeZo5i9J2sttS6eL52pPCfiZtiDzfQMlnZbOMgmOt3hF1A7V4PF4w==","mode":420,"size":1248},"index.d.ts":{"checkedAt":1631415842328,"integrity":"sha512-QP6HHyhUw5iSs1X3yd/EsL5YPe8VDQbzHO73UhSzzvCgXfdcgrf5oON28oLs4QcLOGdJpdw6Qlp5gW3pcC0ttA==","mode":420,"size":746}}}