{"name":"@types/keyv","version":"3.1.2","files":{"LICENSE":{"checkedAt":1631415839932,"integrity":"sha512-HQaIQk9pwOcyKutyDk4o2a87WnotwYuLGYFW43emGm4FvIJFKPyg+OYaw5sTegKAKf+C5SKa1ACjzCLivbaHrQ==","mode":511,"size":1141},"index.d.ts":{"checkedAt":1631415839934,"integrity":"sha512-YD1+3LbYI33vDgocwk22de9gmphywWH5ynTmBCFzWyPcrVuozuAyTnW6FIXGXGQ7zcVbq5kL8Xl/MM6MHcMgFw==","mode":511,"size":2630},"package.json":{"checkedAt":1631415839937,"integrity":"sha512-K6iZaBXEGRXKJgKspCBCR6/UbK3UnJmiclXktY5bHdawADa0P2RXtUNa2E/KQKg8pQQjWXndN2j+dKyDa0Ac2Q==","mode":511,"size":957},"README.md":{"checkedAt":1631415839937,"integrity":"sha512-Urg5i1ADhpOxVrhLi+f4hhbPuN6SAiBrrIv1Hr22towC5OTo7YPa2yG+t5kwNfVmkmDvkgBkLBUPBJEOe55FDg==","mode":511,"size":578}}}