{"name":"braces","version":"3.0.2","files":{"package.json":{"checkedAt":1631415841235,"integrity":"sha512-yX/ORSMtO37C5G9dZJ7G97SKuTmH8WhFvw+C5+AfxXizuvb5junJZeMXrBDEZ8zlyoQd2yzwGp6h6ZAzyyKkTw==","mode":420,"size":1647},"CHANGELOG.md":{"checkedAt":1631415841235,"integrity":"sha512-DBwbe1Z6YykpmqNjgvlX9bwOzfZKshWxKf+tyK1BxzeIX/sKTpMhqEx3LXl4+uHXvVt9dSXHXIZ5aBqei44hLg==","mode":420,"size":5147},"index.js":{"checkedAt":1631415841246,"integrity":"sha512-r78KOcku2haCOJYfl/5MYyR1MzEIUD4YZhEFAG+Mn2p2k8yUldROG+Oa3BhdsVGWEiAqITEAj74IQnmKB+s6qA==","mode":420,"size":4375},"LICENSE":{"checkedAt":1631415841246,"integrity":"sha512-n8vl3Ia8M7208SVVnnZ8OqrZTHxLIbgLaU2bAVjuDxDuU7Enwr8F25dor9rx+2d4/QihlBL7PBra1lWGPmw1HQ==","mode":420,"size":1088},"README.md":{"checkedAt":1631415841246,"integrity":"sha512-LG3kO612qDyX503dtl0gRU/Y/F4D7M+doT//N9QXyXoHlyHq91N0wnIt+86FWRf+R7zCvN8wV7EUpmz297kSFQ==","mode":420,"size":21130},"lib/compile.js":{"checkedAt":1631415841247,"integrity":"sha512-iOC/8ytGz5pOqfp/CuoULn/6ZR3Vcqc1JJtzjPd4DsGlZIzuY6sZ2iq7FsRAFWw40qt744NzZLv/zDFAHyx3wQ==","mode":420,"size":1415},"lib/constants.js":{"checkedAt":1631415841253,"integrity":"sha512-xP8R5ZNaL30BWCWgP+ArzWHqF+4enY2ZbvbhuchcHjCUVKc6sAn+nY7pSrxWenssOFLUckj+ATUFILDTIaVLHA==","mode":420,"size":1593},"lib/expand.js":{"checkedAt":1631415841254,"integrity":"sha512-peFJ5JUNOR9HmfC7BkvvAUJqOGwhbK7Q20yq7k9/L2FHEP1LRDxIcRDLFztfgwGs+f3CbpZuEB5tl1/SlB74oQ==","mode":420,"size":2780},"lib/parse.js":{"checkedAt":1631415841254,"integrity":"sha512-wruniBWNn0tSuxNiwyb6hHbmoeIicsmwGBnqKIVxAXbmjijdSbIGll/amvg3shC1yLV4y8k+M9pNu8oSLa65qQ==","mode":420,"size":6913},"lib/stringify.js":{"checkedAt":1631415841254,"integrity":"sha512-PRclfp2fZA4AJfo9BKYSrHd2IcfvHxnzb7NVPsuS1J7a3AFJ6oS9lPxsI8FnzA77bfdhkVXt6orSysRVZSSh/g==","mode":420,"size":700},"lib/utils.js":{"checkedAt":1631415841254,"integrity":"sha512-547SD7SMxVitcE6xrFyPmm7sjvuRAhx3BLcEgnbDkfEf1YUHSxbhQFMiPnxZl+CIp9kP6j/SqUDF9snqPuYiKQ==","mode":420,"size":2451}}}