{"name":"brace-expansion","version":"1.1.11","files":{"package.json":{"checkedAt":1631415841365,"integrity":"sha512-ZPv9AirQR3G5mRYfq1U/+nrlCBK+lPipRPmf72Q7JtdLb4icY9+ym29Qpm4PDE1nAs4dbm+VVA64/yBYylibvA==","mode":420,"size":1113},"index.js":{"checkedAt":1631415841365,"integrity":"sha512-BE68pQKYqZY1Y22nOqMLLx3mT8WA3ePK2TpwF7Zj+jiXI82gdgxbws4+ma49Sc+scHGIV2Fx5WXD8ixXinQ5/Q==","mode":420,"size":4792},"LICENSE":{"checkedAt":1631415841365,"integrity":"sha512-CwBouL62hk27aXHZ/hZdLV/UILzW17u9j0JYnrmBv5XYVN8tFsIdN46m1I9WI0XS9m3g/RcTTf+oSV60lubf8A==","mode":420,"size":1096},"README.md":{"checkedAt":1631415841365,"integrity":"sha512-AWsMjzK1dtM8sFJPdzcIElc6HBYMvDF/kIR3v2AiVyRvWPVu/5sTQg5AhYKGNfr73LetS0MY9gBgz/XoYl1G8w==","mode":420,"size":4058}}}