{"name":"ini","version":"1.3.7","files":{"LICENSE":{"checkedAt":1631415840115,"integrity":"sha512-P6dI5Z+zrwxSk1MIRPqpYG2ScYNkidLIATQXd50QzBgBh/XmcEd/nsd9NB4O9k6rfc+4dsY5DwJ7xvhpoS0PRg==","mode":420,"size":765},"ini.js":{"checkedAt":1631415841990,"integrity":"sha512-nuQHk/vp3IHoHsHCnA4XrGVZeX3HPyJv1SkCHdHCMhpIlLp4/2u32u4mTalElVfaNi34QAVtlAHx6y3ntDL52A==","mode":420,"size":5061},"package.json":{"checkedAt":1631415841990,"integrity":"sha512-hI/WQDYRdsVYN1OXcXz/tlACVFUZiXtHNO1el76n6pLD3iqsBHtle14C7S0EBhWYSqruxuMZjIrLnQF7f6WA0Q==","mode":420,"size":845},"README.md":{"checkedAt":1631415841991,"integrity":"sha512-Z+0K+MbdSrd5dtuo2UDeoaQ/LHCbj9u2UH57vOWPItmHLGZNPg3tn3S0IZVK5DVqdnVo2U3/S4RHGniIzdF4tQ==","mode":420,"size":2718}}}