{"name":"follow-redirects","version":"1.14.1","files":{"LICENSE":{"checkedAt":1631415839737,"integrity":"sha512-4iWXAfXXCQHq0OrxtrdgbEZrFnFp5X0kPDhlkAVwOTqsxyOuCrlii+1Tgtx2/9gg4z35sY6p0qbMCXDdqDB90Q==","mode":420,"size":1136},"debug.js":{"checkedAt":1631415839733,"integrity":"sha512-nxzRZhYibgfRCbu0tfM/IFs+spGv/UJ2ZADx8lbXH3sRqRCGfVM4yDJpvxA+BuPQCrHTOItrtLdz2DUiR1HdvA==","mode":420,"size":268},"http.js":{"checkedAt":1631415839737,"integrity":"sha512-c9AAEjRJZlypuZ/g4Iwd9WgLLB7CsvN1PWWGDAZgfHYhL47PwlMyYicsk3JZ2IDEa6Kd5/ku8CoLZUqcxkj/Mw==","mode":420,"size":37},"https.js":{"checkedAt":1631415839737,"integrity":"sha512-bIGBh3hac+BzxKLEgsrPT6u2V3ouUrnASfa3bjDuaqIO6SHcsGUuiRRa90FZ2UhxUHyhGlfNPvG9kZunpoENvw==","mode":420,"size":38},"index.js":{"checkedAt":1631415839757,"integrity":"sha512-JoFvM5OmE6jYY35gBe37/rIIV6gh8Dejhvc8csyuqkOQ4nWdWfzxGQP4Pw8/xSNfXnCb7G+XI7ZJX/6AFMWm1Q==","mode":420,"size":16356},"package.json":{"checkedAt":1631415839761,"integrity":"sha512-8Rv7Hs1FVQubC6dUCUvoGaIDSBKeP4gx1G/SwE35ZFdekPZN1CWCOXnnZObXQAei1fJM61b5lNhQqcNHKm49sA==","mode":420,"size":1325},"README.md":{"checkedAt":1631415839765,"integrity":"sha512-ZYi9M/7CmYx91T2i4ACa5Ub4+uD28r9XTnBwzaFcat8OL+v501YG0tJfKN7uUf7jxJIyVR38HeEqjDax/xXS3Q==","mode":420,"size":6100}}}