{"name":"content-type","version":"1.0.4","files":{"package.json":{"checkedAt":1631415840390,"integrity":"sha512-8KPc9p6OXmXVOD4jD05Gg0D/aYUEazv6vXXYmUx+82gm7MEILQUCJAPzQ/CnvQTPmceLZJ0bM5BMVXVBWywfTA==","mode":420,"size":1070},"README.md":{"checkedAt":1631415840390,"integrity":"sha512-SHmldM+85U+AerQtyLGhHA4oy0VWIRdXCYCAGlvlnyezVPg69yUO9f4M88gXTBmN/kA58r6Z/JGnKyT/bzE4aw==","mode":420,"size":2796},"LICENSE":{"checkedAt":1631415840391,"integrity":"sha512-kUNaSudr3oFelR5CZj+LZI645SXrXybwmMu3E9V/JfRHYL4ydGdNrdTEB/F0xUkqq5sp6AX8JPXg07nfFh3F5Q==","mode":420,"size":1089},"HISTORY.md":{"checkedAt":1631415840395,"integrity":"sha512-75Ryl01kUM36OBWqiP5t3tJx29NpP7U5pCG3Q1WEgfUpqXc0K/Tt2HEij8Fs7CQ8C4wzrJQwWnAIPCr7kXUzMQ==","mode":420,"size":436},"index.js":{"checkedAt":1631415840398,"integrity":"sha512-dI8Cq6MLL3mK8OA3JUW0Cn22d+oY57aTygra2lq7FcY2+Dx9Gcn6U49ZJE0fdbmnxg/qDJvWeY5JFnyRlGdasA==","mode":420,"size":4809}}}