{"name":"delegates","version":"1.0.0","files":{"package.json":{"checkedAt":1631415842679,"integrity":"sha512-Ocb4fqAja0/pUpxh4v3YlPeTioe+8eyQ1y3Vdee6kT+/dT0OH46YlOhLutihz3gkJ5INpYPuBIvdKUjLHJIftg==","mode":420,"size":313},".npmignore":{"checkedAt":1631415842679,"integrity":"sha512-cSTPiw0SFx/9IIBx8kO0vkMIouO7yzS+7HXFWiYqMaXxws7dYgRo5ORk4FNvQbLJICZotxR4tMfhR7R9vWWB6w==","mode":420,"size":14},"index.js":{"checkedAt":1631415842679,"integrity":"sha512-c4ucFt+7lszDAAQT62oPsIl2M+Wt6EaP+JFWVxxoX09LLojNbm0pTSOdnmAMPvkrGS58UgcWMPxHRA6W4nNC5w==","mode":420,"size":2065},"History.md":{"checkedAt":1631415842679,"integrity":"sha512-ndwgOlPXrIj5qjp7N9IvPrVIQwnDByggtQunloOPXxaAbsip0GNk9ajMgfLW7uUly8YcsvJbPGFDz/kneYM0Zg==","mode":420,"size":336},"License":{"checkedAt":1631415842679,"integrity":"sha512-0Jeuk7Np5Ltb8jFU7+bbtJsaf1b1uxoDg15pRh30nSnEPTHGXwGA0NnMsC04K4/kAzG9+W0BDexJB6e32d/Sfw==","mode":420,"size":1079},"Makefile":{"checkedAt":1631415842680,"integrity":"sha512-boKNRMLp3Np0ZWeFv30F3cSje5cucZXih647CgS9tNRZKCQOjdf305hK+gMrpQHRAbM7o2zPYOHWXhFSNmxuyg==","mode":420,"size":100},"Readme.md":{"checkedAt":1631415842680,"integrity":"sha512-7XmbZQ7w2/nHE2RR6cb4wG6EWBffb4oedVVuvBd+nF+mkBzL7kpaRuYC3SbWpeLEUYBwK+3i+RWP22Z5yUPQlg==","mode":420,"size":1768},"test/index.js":{"checkedAt":1631415842680,"integrity":"sha512-NqqfFWKH19v2pjpD+Wn9RiXlCZQWGykohTrAoG/hxL52h6tQaSOo6I69Y/+feAc2Ibyjv0MINdsZHq6kR29G+A==","mode":420,"size":1784}}}