{"name":"readdirp","version":"3.6.0","files":{"LICENSE":{"checkedAt":1631415841336,"integrity":"sha512-fILQsYn8p95CamfC9h/nSuLZciDhRy5nCMs4/KidyGaCo52ouccnSXXkIObcWO6UDnwm4w1V0yyurxgAYRa6Xw==","mode":420,"size":1114},"index.js":{"checkedAt":1631415841336,"integrity":"sha512-GcHZ3tY3BU0rWNrc3A6NImgD+kw5FP2/qxAP/Ak7MLIjJuYEjxGjOzLXv2yOH247bOcc1MkbQyPRJ3aOPSKnSA==","mode":420,"size":8876},"package.json":{"checkedAt":1631415841338,"integrity":"sha512-8JCVOIBQm96i9MGFs7WV8JlTYqNAKLz5i0A3cU+V234rQDijcNwizvkoVLknxFh0cCT+UmaKpjDMnluswkX/6A==","mode":420,"size":2522},"index.d.ts":{"checkedAt":1631415841339,"integrity":"sha512-TXn0FXQYmKHTjXH28/Y0hbl0n6meHxJ1M5IskqZpjJUgn1ya4nwWqgSUwDYLrr56KDicv3sQ/n+AYxdfaEr3aw==","mode":420,"size":1018},"README.md":{"checkedAt":1631415841339,"integrity":"sha512-4tHK2yl/qhBnSRfRImVBBC/B++NmiRKJmZAWweit/8W9Hf1wF3VVw+pF1sGNV0JcaCAo9Asxk4ZUh/yKLo1SPA==","mode":420,"size":6942}}}