{"name":"koa-log4","version":"2.3.2","files":{"package.json":{"checkedAt":1631415840857,"integrity":"sha512-5eLOmUfJUZgWfg69hzWeRxJCk9jH0HeF35/foKkbL0f2Gxaauwn4TQOVKjrhu2uXx0ephw8gkeARqqxvRVfeOw==","mode":420,"size":618},"index.js":{"checkedAt":1631415840858,"integrity":"sha512-yJaWqU5h7wnYyqDVw2CrhjBSRVzZwd1jSrIxbntUwXcPSqzxGvRKd2dnfIA9WpDGx0JNZX48jS/q9XpnFSPdnQ==","mode":420,"size":89},"koa-logger.js":{"checkedAt":1631415840861,"integrity":"sha512-ckcWylhqr3heVgfGJSU/AuYgC6JQIprQoULLaVMqD7bj2lRVTgicio7Bsg2yOnAA/OG8EAqpvbNif0f7W/tohg==","mode":420,"size":7746},"LICENSE":{"checkedAt":1631415840861,"integrity":"sha512-mYFh0FA1nhsRa84FBpy47cHiluBmEy/lSTbD8Ke++ww/mAEicPjFLA5RRhqitg2yAh1VGy8x1rpI3K26PCY3AQ==","mode":420,"size":1078},"README.md":{"checkedAt":1631415840861,"integrity":"sha512-dN+pyum6i0gPPp8q4B+cIK5Qkip1+uaCux/6+4Pe6OP9dpgs1VYj5dRSmo+UzOXrWSLvlKaYn38FICUeLKKbSA==","mode":420,"size":1505}}}