{"name":"ansi-regex","version":"4.1.0","files":{"license":{"checkedAt":1631415839865,"integrity":"sha512-nIst73auX/5NY2Fmv5Y116vWnNrEv4GaIUX3lpZG05rpXJY2S8EX+fpUS5hRjClCM0VdT2Za9DDHXXB5jdSrEw==","mode":420,"size":1109},"package.json":{"checkedAt":1631415841570,"integrity":"sha512-L9DBxaUvYALYk58CrLaw2H+sbH8xKu8UpKYpj/jtBTCfAGXFTZK92WBywYJaBf14yJfA5uYIFSvRyP+I829SVA==","mode":420,"size":800},"index.js":{"checkedAt":1631415841570,"integrity":"sha512-cRxedxYQWVRMji+DYRCGsJo1HH0921R7bBv1k4hY+WMcibi5WIHZsBSyyvfVQoGkr7qAz1v290tHnTFHWJUAzA==","mode":420,"size":367},"readme.md":{"checkedAt":1631415841570,"integrity":"sha512-nh+voGjVRb856EckrITdHdVvuFz6cxfOO7wiwC90N0/A581alS0O9D4+irI7KMP11tC91N/X3aKZhOhnhcqksA==","mode":420,"size":2863}}}